date_time,ID_service,carrier,service_category,type_service,capacity,rate,cost
,,,,,,,0.0
2021-12-01,CLI_LKCWE15001,CW,Interconexión Nacional,E1,,570000.0,18387.09677419355
2021-12-01,CLI_LKCWE15002,CW,Interconexión Nacional,E1,,570000.0,18387.09677419355
2021-12-01,CLI_LKCWE15003,CW,Interconexión Nacional,E1,,570000.0,18387.09677419355
2021-12-01,CLI_LKCWE15004,CW,Interconexión Nacional,E1,,570000.0,18387.09677419355
2021-12-01,CLI_LKCWE15005,CW,Interconexión Nacional,E1,,570000.0,18387.09677419355
2021-12-01,CLI_LKCWE15006,CW,Interconexión Nacional,E1,,570000.0,18387.09677419355
2021-12-01,CLI_LKCWE15007,CW,Interconexión Nacional,E1,,570000.0,18387.09677419355
2021-12-01,CLI_LKCWE15008,CW,Interconexión Nacional,E1,,570000.0,18387.09677419355
2021-12-01,CLI_LKCWE15009,CW,Interconexión Nacional,E1,,570000.0,18387.09677419355
2021-12-01,CLI_LKCWE15010,CW,Interconexión Nacional,E1,,570000.0,18387.09677419355
2021-12-01,CLI_LKCWE15011,CW,Interconexión Nacional,E1,,570000.0,18387.09677419355
2021-12-01,CLI_LKCWE15012,CW,Interconexión Nacional,E1,,570000.0,18387.09677419355
2021-12-01,CLI_LKCWE15013,CW,Interconexión Nacional,E1,,570000.0,18387.09677419355
2021-12-01,CLI_LKCWE15014,CW,Interconexión Nacional,E1,,570000.0,18387.09677419355
2021-12-01,CLI_LKCWE15015,CW,Interconexión Nacional,E1,,570000.0,18387.09677419355
2021-12-01,CLI_LKCWE15016,CW,Interconexión Nacional,E1,,570000.0,18387.09677419355
2021-12-01,CLI_LKCWE15017,CW,Interconexión Nacional,E1,,570000.0,18387.09677419355
2021-12-01,CLI_LKCWE15018,CW,Interconexión Nacional,E1,,570000.0,18387.09677419355
2021-12-01,CLI_LKCWE15019,CW,Interconexión Nacional,E1,,570000.0,18387.09677419355
2021-12-01,CLI_LKCWE15020,CW,Interconexión Nacional,E1,,570000.0,18387.09677419355
2021-12-01,CLI_LKCWE15021,CW,Interconexión Nacional,E1,,570000.0,18387.09677419355
2021-12-01,CLI_LKCWE15022,CW,Interconexión Nacional,E1,,570000.0,18387.09677419355
2021-12-01,CLI_LKCWE15023,CW,Interconexión Nacional,E1,,570000.0,18387.09677419355
2021-12-01,CLI_LKCWE15024,CW,Interconexión Nacional,E1,,570000.0,18387.09677419355
2021-12-01,CLI_LKCWE16001,CW,Interconexión Nacional,E1,,570000.0,18387.09677419355
2021-12-01,CLI_LKCWE16002,CW,Interconexión Nacional,E1,,570000.0,18387.09677419355
2021-12-01,CLI_LKCWE16003,CW,Interconexión Nacional,E1,,570000.0,18387.09677419355
2021-12-01,CLI_LKCWE16004,CW,Interconexión Nacional,E1,,570000.0,18387.09677419355
2021-12-01,CLI_LKCWE16005,CW,Interconexión Nacional,E1,,570000.0,18387.09677419355
2021-12-01,CLI_LKCWE16006,CW,Interconexión Nacional,E1,,570000.0,18387.09677419355
2021-12-01,CLI_LKCWE16007,CW,Interconexión Nacional,E1,,570000.0,18387.09677419355
2021-12-01,CLI_LKCWE16008,CW,Interconexión Nacional,E1,,570000.0,18387.09677419355
2021-12-01,BQL_LKCWVC5001,CW,Interconexión Nacional,VC,,550000.0,17741.935483870966
2021-12-01,BQL_LKCWVC5002,CW,Interconexión Nacional,VC,,550000.0,17741.935483870966
2021-12-01,BQL_LKCWVC5003,CW,Interconexión Nacional,VC,,550000.0,17741.935483870966
2021-12-01,BQL_LKCWVC5004,CW,Interconexión Nacional,VC,,550000.0,17741.935483870966
2021-12-01,BQL_LKCWVC5005,CW,Interconexión Nacional,VC,,550000.0,17741.935483870966
2021-12-01,BQL_LKCWVC5006,CW,Interconexión Nacional,VC,,550000.0,17741.935483870966
2021-12-01,BQL_LKCWVC5007,CW,Interconexión Nacional,VC,,550000.0,17741.935483870966
2021-12-01,BQL_LKCWVC5008,CW,Interconexión Nacional,VC,,550000.0,17741.935483870966
2021-12-01,BQL_LKCWVC5009,CW,Interconexión Nacional,VC,,550000.0,17741.935483870966
2021-12-01,BQL_LKCWVC5010,CW,Interconexión Nacional,VC,,550000.0,17741.935483870966
2021-12-01,BQL_LKCWVC5011,CW,Interconexión Nacional,VC,,550000.0,17741.935483870966
2021-12-01,BQL_LKCWVC5012,CW,Interconexión Nacional,VC,,550000.0,17741.935483870966
2021-12-01,BQL_LKCWVC5013,CW,Interconexión Nacional,VC,,550000.0,17741.935483870966
2021-12-01,BQL_LKCWVC5014,CW,Interconexión Nacional,VC,,550000.0,17741.935483870966
2021-12-01,BQL_LKCWVC5015,CW,Interconexión Nacional,VC,,550000.0,17741.935483870966
2021-12-01,BQL_LKCWVC5016,CW,Interconexión Nacional,VC,,550000.0,17741.935483870966
2021-12-01,BQL_LKCWVC5017,CW,Interconexión Nacional,VC,,550000.0,17741.935483870966
2021-12-01,BQL_LKCWVC5018,CW,Interconexión Nacional,VC,,550000.0,17741.935483870966
2021-12-01,BQL_LKCWVC5019,CW,Interconexión Nacional,VC,,550000.0,17741.935483870966
2021-12-01,BQL_LKCWVC5020,CW,Interconexión Nacional,VC,,550000.0,17741.935483870966
2021-12-01,BQL_LKCWVC5021,CW,Interconexión Nacional,VC,,550000.0,17741.935483870966
2021-12-01,BQL_LKCWVC5022,CW,Interconexión Nacional,VC,,550000.0,17741.935483870966
2021-12-01,BQL_LKCWVC5023,CW,Interconexión Nacional,VC,,550000.0,17741.935483870966
2021-12-01,BQL_LKCWVC5024,CW,Interconexión Nacional,VC,,550000.0,17741.935483870966
2021-12-01,BQL_LKCWVC5025,CW,Interconexión Nacional,VC,,550000.0,17741.935483870966
2021-12-01,BQL_LKCWVC5026,CW,Interconexión Nacional,VC,,550000.0,17741.935483870966
2021-12-01,BQL_LKCWVC5027,CW,Interconexión Nacional,VC,,550000.0,17741.935483870966
2021-12-01,BQL_LKCWVC5028,CW,Interconexión Nacional,VC,,550000.0,17741.935483870966
2021-12-01,BQL_LKCWVC5029,CW,Interconexión Nacional,VC,,550000.0,17741.935483870966
2021-12-01,BQL_LKCWVC5030,CW,Interconexión Nacional,VC,,550000.0,17741.935483870966
2021-12-01,BQL_LKCWVC5031,CW,Interconexión Nacional,VC,,550000.0,17741.935483870966
2021-12-01,BQL_LKCWVC5032,CW,Interconexión Nacional,VC,,550000.0,17741.935483870966
2021-12-01,BQL_LKCWVC5033,CW,Interconexión Nacional,VC,,550000.0,17741.935483870966
2021-12-01,BQL_LKCWVC5034,CW,Interconexión Nacional,VC,,550000.0,17741.935483870966
2021-12-01,BQL_LKCWVC5035,CW,Interconexión Nacional,VC,,550000.0,17741.935483870966
2021-12-01,BQL_LKCWVC5036,CW,Interconexión Nacional,VC,,550000.0,17741.935483870966
2021-12-01,BQL_LKCWVC5037,CW,Interconexión Nacional,VC,,550000.0,17741.935483870966
2021-12-01,BQL_LKCWVC5038,CW,Interconexión Nacional,VC,,550000.0,17741.935483870966
2021-12-01,BQL_LKCWVC5039,CW,Interconexión Nacional,VC,,550000.0,17741.935483870966
2021-12-01,BQL_LKCWVC5040,CW,Interconexión Nacional,VC,,550000.0,17741.935483870966
2021-12-01,BQL_LKCWVC5041,CW,Interconexión Nacional,VC,,550000.0,17741.935483870966
2021-12-01,BQL_LKCWVC5042,CW,Interconexión Nacional,VC,,550000.0,17741.935483870966
2021-12-01,BQL_LKCWVC5043,CW,Interconexión Nacional,VC,,550000.0,17741.935483870966
2021-12-01,BQL_LKCWVC5044,CW,Interconexión Nacional,VC,,550000.0,17741.935483870966
2021-12-01,BQL_LKCWVC5045,CW,Interconexión Nacional,VC,,550000.0,17741.935483870966
2021-12-01,BQL_LKCWVC5046,CW,Interconexión Nacional,VC,,550000.0,17741.935483870966
2021-12-01,BQL_LKCWVC5047,CW,Interconexión Nacional,VC,,550000.0,17741.935483870966
2021-12-01,BQL_LKCWVC5048,CW,Interconexión Nacional,VC,,550000.0,17741.935483870966
2021-12-01,BQL_LKCWVC5049,CW,Interconexión Nacional,VC,,550000.0,17741.935483870966
2021-12-01,BQL_LKCWVC5050,CW,Interconexión Nacional,VC,,550000.0,17741.935483870966
2021-12-01,BQL_LKCWVC5051,CW,Interconexión Nacional,VC,,550000.0,17741.935483870966
2021-12-01,BQL_LKCWVC5052,CW,Interconexión Nacional,VC,,550000.0,17741.935483870966
2021-12-01,BQL_LKCWVC5053,CW,Interconexión Nacional,VC,,550000.0,17741.935483870966
2021-12-01,BQL_LKCWVC5054,CW,Interconexión Nacional,VC,,550000.0,17741.935483870966
2021-12-01,BQL_LKCWVC5055,CW,Interconexión Nacional,VC,,550000.0,17741.935483870966
2021-12-01,BQL_LKCWVC5056,CW,Interconexión Nacional,VC,,550000.0,17741.935483870966
2021-12-01,BQL_LKCWVC6001,CW,Interconexión Nacional,VC,,550000.0,17741.935483870966
2021-12-01,BQL_LKCWVC6002,CW,Interconexión Nacional,VC,,550000.0,17741.935483870966
2021-12-01,BQL_LKCWVC6003,CW,Interconexión Nacional,VC,,550000.0,17741.935483870966
2021-12-01,BQL_LKCWVC6004,CW,Interconexión Nacional,VC,,550000.0,17741.935483870966
2021-12-01,BQL_LKCWVC6005,CW,Interconexión Nacional,VC,,550000.0,17741.935483870966
2021-12-01,BQL_LKCWVC6006,CW,Interconexión Nacional,VC,,550000.0,17741.935483870966
2021-12-01,BQL_LKCWVC6007,CW,Interconexión Nacional,VC,,550000.0,17741.935483870966
2021-12-01,BQL_LKCWVC6008,CW,Interconexión Nacional,VC,,550000.0,17741.935483870966
2021-12-01,BQL_LKCWVC6009,CW,Interconexión Nacional,VC,,550000.0,17741.935483870966
2021-12-01,BQL_LKCWVC6010,CW,Interconexión Nacional,VC,,550000.0,17741.935483870966
2021-12-01,BQL_LKCWVC6011,CW,Interconexión Nacional,VC,,550000.0,17741.935483870966
2021-12-01,BQL_LKCWVC6012,CW,Interconexión Nacional,VC,,550000.0,17741.935483870966
2021-12-01,BQL_LKCWVC6013,CW,Interconexión Nacional,VC,,550000.0,17741.935483870966
2021-12-01,BQL_LKCWVC6014,CW,Interconexión Nacional,VC,,550000.0,17741.935483870966
2021-12-01,BQL_LKCWVC6015,CW,Interconexión Nacional,VC,,550000.0,17741.935483870966
2021-12-01,BQL_LKCWVC6016,CW,Interconexión Nacional,VC,,550000.0,17741.935483870966
2021-12-01,BQL_LKCWVC6017,CW,Interconexión Nacional,VC,,550000.0,17741.935483870966
2021-12-01,BQL_LKCWVC6018,CW,Interconexión Nacional,VC,,550000.0,17741.935483870966
2021-12-01,BQL_LKCWVC6019,CW,Interconexión Nacional,VC,,550000.0,17741.935483870966
2021-12-01,BQL_LKCWVC6020,CW,Interconexión Nacional,VC,,550000.0,17741.935483870966
2021-12-01,BQL_LKCWVC6021,CW,Interconexión Nacional,VC,,550000.0,17741.935483870966
2021-12-01,BQL_LKCWVC6022,CW,Interconexión Nacional,VC,,550000.0,17741.935483870966
2021-12-01,BQL_LKCWVC6023,CW,Interconexión Nacional,VC,,550000.0,17741.935483870966
2021-12-01,BQL_LKCWVC6024,CW,Interconexión Nacional,VC,,550000.0,17741.935483870966
2021-12-01,BQL_LKCWVC6025,CW,Interconexión Nacional,VC,,550000.0,17741.935483870966
2021-12-01,BQL_LKCWVC6026,CW,Interconexión Nacional,VC,,550000.0,17741.935483870966
2021-12-01,BQL_LKCWVC6027,CW,Interconexión Nacional,VC,,550000.0,17741.935483870966
2021-12-01,BQL_LKCWVC6028,CW,Interconexión Nacional,VC,,550000.0,17741.935483870966
2021-12-01,BQL_LKCWVC6029,CW,Interconexión Nacional,VC,,550000.0,17741.935483870966
2021-12-01,BQL_LKCWVC6030,CW,Interconexión Nacional,VC,,550000.0,17741.935483870966
2021-12-01,BQL_LKCWVC6031,CW,Interconexión Nacional,VC,,550000.0,17741.935483870966
2021-12-01,CLI_LKCWVC5001,CW,Interconexión Nacional,VC,,550000.0,17741.935483870966
2021-12-01,CLI_LKCWVC5002,CW,Interconexión Nacional,VC,,550000.0,17741.935483870966
2021-12-01,CLI_LKCWVC5003,CW,Interconexión Nacional,VC,,550000.0,17741.935483870966
2021-12-01,CLI_LKCWVC5004,CW,Interconexión Nacional,VC,,550000.0,17741.935483870966
2021-12-01,CLI_LKCWVC5005,CW,Interconexión Nacional,VC,,550000.0,17741.935483870966
2021-12-01,CLI_LKCWVC5006,CW,Interconexión Nacional,VC,,550000.0,17741.935483870966
2021-12-01,CLI_LKCWVC5007,CW,Interconexión Nacional,VC,,550000.0,17741.935483870966
2021-12-01,CLI_LKCWVC5008,CW,Interconexión Nacional,VC,,550000.0,17741.935483870966
2021-12-01,CLI_LKCWVC5009,CW,Interconexión Nacional,VC,,550000.0,17741.935483870966
2021-12-01,CLI_LKCWVC5010,CW,Interconexión Nacional,VC,,550000.0,17741.935483870966
2021-12-01,CLI_LKCWVC5011,CW,Interconexión Nacional,VC,,550000.0,17741.935483870966
2021-12-01,CLI_LKCWVC5012,CW,Interconexión Nacional,VC,,550000.0,17741.935483870966
2021-12-01,CLI_LKCWVC5013,CW,Interconexión Nacional,VC,,550000.0,17741.935483870966
2021-12-01,CLI_LKCWVC5014,CW,Interconexión Nacional,VC,,550000.0,17741.935483870966
2021-12-01,CLI_LKCWVC5015,CW,Interconexión Nacional,VC,,550000.0,17741.935483870966
2021-12-01,CLI_LKCWVC5016,CW,Interconexión Nacional,VC,,550000.0,17741.935483870966
2021-12-01,CLI_LKCWVC5017,CW,Interconexión Nacional,VC,,550000.0,17741.935483870966
2021-12-01,CLI_LKCWVC5018,CW,Interconexión Nacional,VC,,550000.0,17741.935483870966
2021-12-01,CLI_LKCWVC5019,CW,Interconexión Nacional,VC,,550000.0,17741.935483870966
2021-12-01,CLI_LKCWVC5020,CW,Interconexión Nacional,VC,,550000.0,17741.935483870966
2021-12-01,CLI_LKCWVC5021,CW,Interconexión Nacional,VC,,550000.0,17741.935483870966
2021-12-01,CLI_LKCWVC5022,CW,Interconexión Nacional,VC,,550000.0,17741.935483870966
2021-12-01,CLI_LKCWVC5023,CW,Interconexión Nacional,VC,,550000.0,17741.935483870966
2021-12-01,CLI_LKCWVC5024,CW,Interconexión Nacional,VC,,550000.0,17741.935483870966
2021-12-01,CLI_LKCWVC5025,CW,Interconexión Nacional,VC,,550000.0,17741.935483870966
2021-12-01,CLI_LKCWVC5026,CW,Interconexión Nacional,VC,,550000.0,17741.935483870966
2021-12-01,CLI_LKCWVC5027,CW,Interconexión Nacional,VC,,550000.0,17741.935483870966
2021-12-01,CLI_LKCWVC5028,CW,Interconexión Nacional,VC,,550000.0,17741.935483870966
2021-12-01,CLI_LKCWVC5029,CW,Interconexión Nacional,VC,,550000.0,17741.935483870966
2021-12-01,CLI_LKCWVC5030,CW,Interconexión Nacional,VC,,550000.0,17741.935483870966
2021-12-01,CLI_LKCWVC5031,CW,Interconexión Nacional,VC,,550000.0,17741.935483870966
2021-12-01,CLI_LKCWVC5032,CW,Interconexión Nacional,VC,,550000.0,17741.935483870966
2021-12-01,CLI_LKCWVC5033,CW,Interconexión Nacional,VC,,550000.0,17741.935483870966
2021-12-01,CLI_LKCWVC5034,CW,Interconexión Nacional,VC,,550000.0,17741.935483870966
2021-12-01,CLI_LKCWVC5035,CW,Interconexión Nacional,VC,,550000.0,17741.935483870966
2021-12-01,CLI_LKCWVC5036,CW,Interconexión Nacional,VC,,550000.0,17741.935483870966
2021-12-01,CLI_LKCWVC5037,CW,Interconexión Nacional,VC,,550000.0,17741.935483870966
2021-12-01,CLI_LKCWVC5038,CW,Interconexión Nacional,VC,,550000.0,17741.935483870966
2021-12-01,CLI_LKCWVC5039,CW,Interconexión Nacional,VC,,550000.0,17741.935483870966
2021-12-01,CLI_LKCWVC5040,CW,Interconexión Nacional,VC,,550000.0,17741.935483870966
2021-12-01,CLI_LKCWVC5041,CW,Interconexión Nacional,VC,,550000.0,17741.935483870966
2021-12-01,CLI_LKCWVC5042,CW,Interconexión Nacional,VC,,550000.0,17741.935483870966
2021-12-01,CLI_LKCWVC5043,CW,Interconexión Nacional,VC,,550000.0,17741.935483870966
2021-12-01,CLI_LKCWVC5044,CW,Interconexión Nacional,VC,,550000.0,17741.935483870966
2021-12-01,CLI_LKCWVC5045,CW,Interconexión Nacional,VC,,550000.0,17741.935483870966
2021-12-01,CLI_LKCWVC5046,CW,Interconexión Nacional,VC,,550000.0,17741.935483870966
2021-12-01,CLI_LKCWVC6001,CW,Interconexión Nacional,VC,,550000.0,17741.935483870966
2021-12-01,CLI_LKCWVC6002,CW,Interconexión Nacional,VC,,550000.0,17741.935483870966
2021-12-01,CLI_LKCWVC6003,CW,Interconexión Nacional,VC,,550000.0,17741.935483870966
2021-12-01,CLI_LKCWVC6004,CW,Interconexión Nacional,VC,,550000.0,17741.935483870966
2021-12-01,CLI_LKCWVC6005,CW,Interconexión Nacional,VC,,550000.0,17741.935483870966
2021-12-01,CLI_LKCWVC6006,CW,Interconexión Nacional,VC,,550000.0,17741.935483870966
2021-12-01,CLI_LKCWVC6007,CW,Interconexión Nacional,VC,,550000.0,17741.935483870966
2021-12-01,CLI_LKCWVC6008,CW,Interconexión Nacional,VC,,550000.0,17741.935483870966
2021-12-01,CLI_LKCWVC6009,CW,Interconexión Nacional,VC,,550000.0,17741.935483870966
2021-12-01,CLI_LKCWVC6010,CW,Interconexión Nacional,VC,,550000.0,17741.935483870966
2021-12-01,CLI_LKCWVC6011,CW,Interconexión Nacional,VC,,550000.0,17741.935483870966
2021-12-01,CLI_LKCWVC6012,CW,Interconexión Nacional,VC,,550000.0,17741.935483870966
2021-12-01,CLI_LKCWVC6013,CW,Interconexión Nacional,VC,,550000.0,17741.935483870966
2021-12-01,CLI_LKCWVC6014,CW,Interconexión Nacional,VC,,550000.0,17741.935483870966
2021-12-01,CLI_LKCWVC6015,CW,Interconexión Nacional,VC,,550000.0,17741.935483870966
2021-12-01,CLI_LKCWVC6016,CW,Interconexión Nacional,VC,,550000.0,17741.935483870966
2021-12-01,CLI_LKCWVC6017,CW,Interconexión Nacional,VC,,550000.0,17741.935483870966
2021-12-01,MED_LKCWVC5001,CW,Interconexión Metropolitana,VC,,360000.0,11612.90322580645
2021-12-01,MED_LKCWVC5002,CW,Interconexión Metropolitana,VC,,360000.0,11612.90322580645
2021-12-01,MED_LKCWVC5003,CW,Interconexión Metropolitana,VC,,360000.0,11612.90322580645
2021-12-01,MED_LKCWVC5004,CW,Interconexión Metropolitana,VC,,360000.0,11612.90322580645
2021-12-01,MED_LKCWVC5005,CW,Interconexión Metropolitana,VC,,360000.0,11612.90322580645
2021-12-01,MED_LKCWVC5006,CW,Interconexión Metropolitana,VC,,360000.0,11612.90322580645
2021-12-01,MED_LKCWVC5007,CW,Interconexión Metropolitana,VC,,360000.0,11612.90322580645
2021-12-01,MED_LKCWVC5008,CW,Interconexión Metropolitana,VC,,360000.0,11612.90322580645
2021-12-01,MED_LKCWVC5009,CW,Interconexión Metropolitana,VC,,360000.0,11612.90322580645
2021-12-01,MED_LKCWVC5010,CW,Interconexión Metropolitana,VC,,360000.0,11612.90322580645
2021-12-01,MED_LKCWVC5011,CW,Interconexión Metropolitana,VC,,360000.0,11612.90322580645
2021-12-01,MED_LKCWVC5012,CW,Interconexión Metropolitana,VC,,360000.0,11612.90322580645
2021-12-01,MED_LKCWVC5013,CW,Interconexión Metropolitana,VC,,360000.0,11612.90322580645
2021-12-01,MED_LKCWVC5014,CW,Interconexión Metropolitana,VC,,360000.0,11612.90322580645
2021-12-01,MED_LKCWVC5015,CW,Interconexión Metropolitana,VC,,360000.0,11612.90322580645
2021-12-01,MED_LKCWVC5016,CW,Interconexión Metropolitana,VC,,360000.0,11612.90322580645
2021-12-01,MED_LKCWVC5017,CW,Interconexión Metropolitana,VC,,360000.0,11612.90322580645
2021-12-01,MED_LKCWVC5018,CW,Interconexión Metropolitana,VC,,360000.0,11612.90322580645
2021-12-01,MED_LKCWVC5019,CW,Interconexión Metropolitana,VC,,360000.0,11612.90322580645
2021-12-01,MED_LKCWVC5020,CW,Interconexión Metropolitana,VC,,360000.0,11612.90322580645
2021-12-01,MED_LKCWVC5021,CW,Interconexión Metropolitana,VC,,360000.0,11612.90322580645
2021-12-01,MED_LKCWVC5022,CW,Interconexión Metropolitana,VC,,360000.0,11612.90322580645
2021-12-01,MED_LKCWVC5023,CW,Interconexión Metropolitana,VC,,360000.0,11612.90322580645
2021-12-01,MED_LKCWVC5024,CW,Interconexión Metropolitana,VC,,360000.0,11612.90322580645
2021-12-01,MED_LKCWVC5025,CW,Interconexión Metropolitana,VC,,360000.0,11612.90322580645
2021-12-01,MED_LKCWVC5026,CW,Interconexión Metropolitana,VC,,360000.0,11612.90322580645
2021-12-01,MED_LKCWVC5027,CW,Interconexión Metropolitana,VC,,360000.0,11612.90322580645
2021-12-01,MED_LKCWVC5028,CW,Interconexión Metropolitana,VC,,360000.0,11612.90322580645
2021-12-01,MED_LKCWVC5029,CW,Interconexión Metropolitana,VC,,360000.0,11612.90322580645
2021-12-01,MED_LKCWVC5030,CW,Interconexión Metropolitana,VC,,360000.0,11612.90322580645
2021-12-01,MED_LKCWVC5031,CW,Interconexión Metropolitana,VC,,360000.0,11612.90322580645
2021-12-01,MED_LKCWVC5032,CW,Interconexión Metropolitana,VC,,360000.0,11612.90322580645
2021-12-01,MED_LKCWVC6001,CW,Interconexión Metropolitana,VC,,360000.0,11612.90322580645
2021-12-01,MED_LKCWVC6002,CW,Interconexión Metropolitana,VC,,360000.0,11612.90322580645
2021-12-01,MED_LKCWVC6003,CW,Interconexión Metropolitana,VC,,360000.0,11612.90322580645
2021-12-01,MED_LKCWVC6004,CW,Interconexión Metropolitana,VC,,360000.0,11612.90322580645
2021-12-01,MED_LKCWVC6005,CW,Interconexión Metropolitana,VC,,360000.0,11612.90322580645
2021-12-01,MED_LKCWVC6006,CW,Interconexión Metropolitana,VC,,360000.0,11612.90322580645
2021-12-01,MED_LKCWVC6007,CW,Interconexión Metropolitana,VC,,360000.0,11612.90322580645
2021-12-01,MED_LKCWVC6008,CW,Interconexión Metropolitana,VC,,360000.0,11612.90322580645
2021-12-01,MED_LKCWVC6009,CW,Interconexión Metropolitana,VC,,360000.0,11612.90322580645
2021-12-01,MED_LKCWVC6010,CW,Interconexión Metropolitana,VC,,360000.0,11612.90322580645
2021-12-01,MED_LKCWVC6011,CW,Interconexión Metropolitana,VC,,360000.0,11612.90322580645
2021-12-01,MED_LKCWVC6012,CW,Interconexión Metropolitana,VC,,360000.0,11612.90322580645
2021-12-01,MED_LKCWVC6013,CW,Interconexión Metropolitana,VC,,360000.0,11612.90322580645
2021-12-01,MED_LKCWVC6014,CW,Interconexión Metropolitana,VC,,360000.0,11612.90322580645
2021-12-01,MED_LKCWVC6015,CW,Interconexión Metropolitana,VC,,360000.0,11612.90322580645
2021-12-01,MED_LKCWVC6016,CW,Interconexión Metropolitana,VC,,360000.0,11612.90322580645
2021-12-01,MED_LKCWVC6017,CW,Interconexión Metropolitana,VC,,360000.0,11612.90322580645
2021-12-01,MED_LKCWVC6018,CW,Interconexión Metropolitana,VC,,360000.0,11612.90322580645
2021-12-01,MED_LKCWVC6019,CW,Interconexión Metropolitana,VC,,360000.0,11612.90322580645
2021-12-01,MED_LKCWVC6020,CW,Interconexión Metropolitana,VC,,360000.0,11612.90322580645
2021-12-01,MED_LKCWVC6021,CW,Interconexión Metropolitana,VC,,360000.0,11612.90322580645
2021-12-01,MED_LKCWVC6022,CW,Interconexión Metropolitana,VC,,360000.0,11612.90322580645
2021-12-01,MED_LKCWVC6023,CW,Interconexión Metropolitana,VC,,360000.0,11612.90322580645
2021-12-01,MED_LKCWVC6024,CW,Interconexión Metropolitana,VC,,360000.0,11612.90322580645
2021-12-01,MED_LKCWVC6025,CW,Interconexión Metropolitana,VC,,360000.0,11612.90322580645
2021-12-01,MED_LKCWVC6026,CW,Interconexión Metropolitana,VC,,360000.0,11612.90322580645
2021-12-01,MED_LKCWVC6027,CW,Interconexión Metropolitana,VC,,360000.0,11612.90322580645
2021-12-01,MED_LKCWVC6028,CW,Interconexión Metropolitana,VC,,360000.0,11612.90322580645
2021-12-01,MED_LKCWVC6029,CW,Interconexión Metropolitana,VC,,360000.0,11612.90322580645
2021-12-01,BTA_LKCWET2001,CW,Interconexión Metropolitana,ET,40,18985.5,24497.41935483871
2021-12-01,BTA_LKCWET2002,CW,Interconexión Metropolitana,ET,20,24641.4,15897.677419354839
2021-12-01,CLI_LKCWET2001,CW,Interconexión Metropolitana,ET,40,18985.5,24497.41935483871
2021-12-01,CLI_LKCWET2002,CW,Interconexión Metropolitana,ET,20,24641.4,15897.677419354839
2021-12-01,CLI_LKCWET2003,CW,Interconexión Metropolitana,ET,200,9929.7,64062.580645161295
2021-12-01,BQL_LKCWET2001,CW,Enlaces Agregación Metropolitana,ET,3000,1709.0,165387.09677419355
2021-12-01,BQL_LKCWET2002,CW,Enlaces Agregación Metropolitana,ET,1000,1709.0,55129.032258064515
2021-12-01,BTA_LKCWET2003,CW,Enlaces Agregación Metropolitana,ET,4800,1709.0,264619.3548387097
2021-12-01,BUC_LKCWET2001,CW,Enlaces Agregación Metropolitana,ET,1200,1709.0,66154.83870967742
2021-12-01,BUC_LKCWET2002,CW,Enlaces Agregación Metropolitana,ET,2000,1709.0,110258.06451612903
2021-12-01,CAR_LKCWET2001,CW,Enlaces Agregación Metropolitana,ET,2000,1709.0,110258.06451612903
2021-12-01,CAR_LKCWET2002,CW,Enlaces Agregación Metropolitana,ET,2000,1709.0,110258.06451612903
2021-12-01,CLI_LKCWET2004,CW,Enlaces Agregación Metropolitana,ET,3300,1709.0,181925.8064516129
2021-12-01,CLI_LKCWET2005,CW,Enlaces Agregación Metropolitana,ET,3300,1709.0,181925.8064516129
2021-12-01,CUC_LKCWET2001,CW,Enlaces Agregación Metropolitana,ET,2900,1709.0,159874.1935483871
2021-12-01,CUC_LKCWET2002,CW,Enlaces Agregación Metropolitana,ET,2000,1709.0,110258.06451612903
2021-12-01,IBG_LKCWET2001,CW,Enlaces Agregación Metropolitana,ET,300,1709.0,16538.709677419356
2021-12-01,SMT_LKCWET2001,CW,Enlaces Agregación Metropolitana,ET,700,1709.0,38590.32258064516
2021-12-01,VDP_LKCWET2001,CW,Enlaces Agregación Metropolitana,ET,750,1709.0,41346.77419354839
2021-12-01,VDP_LKCWET2002,CW,Enlaces Agregación Metropolitana,ET,1000,1709.0,55129.032258064515
2021-12-01,BTA_LKCWET7001,CW,IP Transit,IP Transit,,,442322.5806451613
2021-12-01,BTA_LKCWET7002,CW,IP Transit,IP Transit,,,148387.09677419355
2021-12-01,BTA_LKCWET7003,CW,IP Transit,IP Transit,,,110580.64516129032
2021-12-01,BTA_LKCWET7004,CW,IP Transit,IP Transit,,,110580.64516129032
2021-12-01,BTA_LKCWET7005,CW,IP Transit,IP Transit,,,995225.8064516129
2021-12-01,BTA_LKCWET7006,CW,IP Transit,IP Transit,,,110580.64516129032
2021-12-01,MED_LKCWET7001,CW,IP Transit,IP Transit,,,658064.5161290322
2021-12-01,BQL_LKUFET2001,UFINET,Enlaces Agregación Metropolitana,ET,4400,2866.0,406787.0967741936
2021-12-01,BTA_LKUFET2001,UFINET,Enlaces Agregación Metropolitana,ET,2200,2866.0,203393.5483870968
2021-12-01,BUC_LKUFET2001,UFINET,Enlaces Agregación Metropolitana,ET,700,2866.0,64716.12903225807
2021-12-01,CLI_LKUFET2001,UFINET,Enlaces Agregación Metropolitana,ET,1600,2866.0,147922.5806451613
2021-12-01,CUC_LKUFET2001,UFINET,Enlaces Agregación Metropolitana,ET,1300,2866.0,120187.09677419355
2021-12-01,MED_LKUFET2001,UFINET,Enlaces Agregación Metropolitana,ET,4000,2866.0,369806.4516129032
2021-12-01,PER_LKUFET2001,UFINET,Enlaces Agregación Metropolitana,ET,300,2866.0,27735.483870967742
2021-12-01,BQL_LKUFET1001,UFINET,Enlaces Agregación Nacional,ET,2500,1034.45,83423.3870967742
2021-12-01,BQL_LKUFET1002,UFINET,Enlaces Agregación Nacional,ET,2400,1034.45,80086.45161290323
2021-12-01,BQL_LKUFET1003,UFINET,Enlaces Agregación Nacional,ET,3100,1034.45,103445.0
2021-12-01,BTA_LKUFET3001,UFINET,Enlaces Agregación Nacional,ET,1000,1034.45,33369.354838709674
2021-12-01,BTA_LKUFET3003,UFINET,Enlaces Agregación Nacional,ET,1000,1034.45,33369.354838709674
2021-12-01,BTA_LKUFET3004,UFINET,Enlaces Agregación Nacional,ET,1000,1034.45,33369.354838709674
2021-12-01,BTA_LKUFET3005,UFINET,Enlaces Agregación Nacional,ET,1000,1034.45,33369.354838709674
2021-12-01,BUC_LKUFET1001,UFINET,Enlaces Agregación Nacional,ET,1200,1034.45,40043.22580645161
2021-12-01,BUC_LKUFET1002,UFINET,Enlaces Agregación Nacional,ET,1200,1034.45,40043.22580645161
2021-12-01,BUC_LKUFET1003,UFINET,Enlaces Agregación Nacional,ET,1500,1034.45,50054.032258064515
2021-12-01,CAR_LKUFET1001,UFINET,Enlaces Agregación Nacional,ET,700,1034.45,23358.548387096773
2021-12-01,CAR_LKUFET1002,UFINET,Enlaces Agregación Nacional,ET,700,1034.45,23358.548387096773
2021-12-01,CAR_LKUFET1003,UFINET,Enlaces Agregación Nacional,ET,1100,1034.45,36706.290322580644
2021-12-01,CLI_LKUFET1001,UFINET,Enlaces Agregación Nacional,ET,1500,1034.45,50054.032258064515
2021-12-01,CLI_LKUFET1002,UFINET,Enlaces Agregación Nacional,ET,1500,1034.45,50054.032258064515
2021-12-01,CLI_LKUFET1003,UFINET,Enlaces Agregación Nacional,ET,1000,1034.45,33369.354838709674
2021-12-01,CUC_LKUFET1001,UFINET,Enlaces Agregación Nacional,ET,1300,1034.45,43380.16129032258
2021-12-01,CUC_LKUFET1002,UFINET,Enlaces Agregación Nacional,ET,1300,1034.45,43380.16129032258
2021-12-01,CUC_LKUFET1003,UFINET,Enlaces Agregación Nacional,ET,1000,1034.45,33369.354838709674
2021-12-01,MED_LKUFET1001,UFINET,Enlaces Agregación Nacional,ET,25000,1034.45,834233.8709677419
2021-12-01,MED_LKUFET1002,UFINET,Enlaces Agregación Nacional,ET,100,1034.45,3336.935483870968
2021-12-01,MED_LKUFET3001,UFINET,Enlaces Agregación Nacional,ET,1000,1034.45,33369.354838709674
2021-12-01,PER_LKUFET1002,UFINET,Enlaces Agregación Nacional,ET,500,1034.45,16684.677419354837
2021-12-01,PER_LKUFET1003,UFINET,Enlaces Agregación Nacional,ET,500,1034.45,16684.677419354837
2021-12-01,VDP_LKUFET1001,UFINET,Enlaces Agregación Nacional,ET,500,1034.45,16684.677419354837
2021-12-01,VDP_LKUFET1002,UFINET,Enlaces Agregación Nacional,ET,500,1034.45,16684.677419354837
2021-12-01,VDP_LKUFET1003,UFINET,Enlaces Agregación Nacional,ET,800,1034.45,26695.483870967742
2021-12-01,BQL_LKEBE15001,ETB,Interconexión Nacional,E1,,630000.0,20322.58064516129
2021-12-01,BQL_LKEBE15002,ETB,Interconexión Nacional,E1,,630000.0,20322.58064516129
2021-12-01,BQL_LKEBE15003,ETB,Interconexión Nacional,E1,,630000.0,20322.58064516129
2021-12-01,BQL_LKEBE15004,ETB,Interconexión Nacional,E1,,630000.0,20322.58064516129
2021-12-01,BTA_LKEBE15004,ETB,Interconexión Nacional,E1,,630000.0,20322.58064516129
2021-12-01,BTA_LKEBE15005,ETB,Interconexión Nacional,E1,,630000.0,20322.58064516129
2021-12-01,BTA_LKEBE15006,ETB,Interconexión Nacional,E1,,630000.0,20322.58064516129
2021-12-01,BTA_LKEBE15007,ETB,Interconexión Nacional,E1,,630000.0,20322.58064516129
2021-12-01,BTA_LKEBE15008,ETB,Interconexión Nacional,E1,,630000.0,20322.58064516129
2021-12-01,BTA_LKEBE15009,ETB,Interconexión Nacional,E1,,630000.0,20322.58064516129
2021-12-01,BTA_LKEBE15011,ETB,Interconexión Nacional,E1,,630000.0,20322.58064516129
2021-12-01,BTA_LKEBE15012,ETB,Interconexión Nacional,E1,,630000.0,20322.58064516129
2021-12-01,BTA_LKEBE15014,ETB,Interconexión Nacional,E1,,630000.0,20322.58064516129
2021-12-01,BTA_LKEBE15015,ETB,Interconexión Nacional,E1,,630000.0,20322.58064516129
2021-12-01,BTA_LKEBE15016,ETB,Interconexión Nacional,E1,,630000.0,20322.58064516129
2021-12-01,BTA_LKEBE15017,ETB,Interconexión Nacional,E1,,630000.0,20322.58064516129
2021-12-01,BTA_LKEBE15018,ETB,Interconexión Nacional,E1,,630000.0,20322.58064516129
2021-12-01,BTA_LKEBE15019,ETB,Interconexión Nacional,E1,,630000.0,20322.58064516129
2021-12-01,BTA_LKEBE15020,ETB,Interconexión Nacional,E1,,630000.0,20322.58064516129
2021-12-01,BUC_LKEBE15001,ETB,Interconexión Nacional,E1,,630000.0,20322.58064516129
2021-12-01,BUC_LKEBE15002,ETB,Interconexión Nacional,E1,,630000.0,20322.58064516129
2021-12-01,MED_LKEBE15001,ETB,Interconexión Nacional,E1,,630000.0,20322.58064516129
2021-12-01,MED_LKEBE15005,ETB,Interconexión Nacional,E1,,630000.0,20322.58064516129
2021-12-01,BTA_LKEBVC5044,ETB,Interconexión Nacional,VC,,300000.0,9677.41935483871
2021-12-01,BTA_LKEBVC5045,ETB,Interconexión Nacional,VC,,300000.0,9677.41935483871
2021-12-01,BTA_LKEBVC5046,ETB,Interconexión Nacional,VC,,300000.0,9677.41935483871
2021-12-01,BTA_LKEBVC5047,ETB,Interconexión Nacional,VC,,300000.0,9677.41935483871
2021-12-01,BTA_LKEBVC5048,ETB,Interconexión Nacional,VC,,300000.0,9677.41935483871
2021-12-01,BTA_LKEBVC5049,ETB,Interconexión Nacional,VC,,300000.0,9677.41935483871
2021-12-01,BTA_LKEBVC5050,ETB,Interconexión Nacional,VC,,300000.0,9677.41935483871
2021-12-01,BTA_LKEBVC5051,ETB,Interconexión Nacional,VC,,300000.0,9677.41935483871
2021-12-01,BTA_LKEBVC5052,ETB,Interconexión Nacional,VC,,300000.0,9677.41935483871
2021-12-01,BTA_LKEBVC5053,ETB,Interconexión Nacional,VC,,300000.0,9677.41935483871
2021-12-01,BTA_LKEBVC5054,ETB,Interconexión Nacional,VC,,300000.0,9677.41935483871
2021-12-01,BTA_LKEBVC5055,ETB,Interconexión Nacional,VC,,300000.0,9677.41935483871
2021-12-01,BTA_LKEBVC5056,ETB,Interconexión Nacional,VC,,300000.0,9677.41935483871
2021-12-01,BTA_LKEBVC5057,ETB,Interconexión Nacional,VC,,300000.0,9677.41935483871
2021-12-01,BTA_LKEBVC5058,ETB,Interconexión Nacional,VC,,300000.0,9677.41935483871
2021-12-01,BTA_LKEBVC5059,ETB,Interconexión Nacional,VC,,300000.0,9677.41935483871
2021-12-01,BTA_LKEBVC5060,ETB,Interconexión Nacional,VC,,300000.0,9677.41935483871
2021-12-01,BTA_LKEBVC5061,ETB,Interconexión Nacional,VC,,300000.0,9677.41935483871
2021-12-01,BTA_LKEBVC5062,ETB,Interconexión Nacional,VC,,300000.0,9677.41935483871
2021-12-01,BTA_LKEBVC5063,ETB,Interconexión Nacional,VC,,300000.0,9677.41935483871
2021-12-01,BTA_LKEBVC5064,ETB,Interconexión Nacional,VC,,300000.0,9677.41935483871
2021-12-01,BTA_LKEBVC5065,ETB,Interconexión Nacional,VC,,300000.0,9677.41935483871
2021-12-01,BTA_LKEBVC5066,ETB,Interconexión Nacional,VC,,300000.0,9677.41935483871
2021-12-01,BTA_LKEBVC5067,ETB,Interconexión Nacional,VC,,300000.0,9677.41935483871
2021-12-01,BTA_LKEBVC5068,ETB,Interconexión Nacional,VC,,300000.0,9677.41935483871
2021-12-01,BTA_LKEBVC5069,ETB,Interconexión Nacional,VC,,300000.0,9677.41935483871
2021-12-01,BTA_LKEBVC5070,ETB,Interconexión Nacional,VC,,300000.0,9677.41935483871
2021-12-01,BTA_LKEBVC5071,ETB,Interconexión Nacional,VC,,300000.0,9677.41935483871
2021-12-01,BTA_LKEBVC5072,ETB,Interconexión Nacional,VC,,300000.0,9677.41935483871
2021-12-01,BTA_LKEBVC5073,ETB,Interconexión Nacional,VC,,300000.0,9677.41935483871
2021-12-01,BTA_LKEBVC5074,ETB,Interconexión Nacional,VC,,300000.0,9677.41935483871
2021-12-01,BTA_LKEBVC5075,ETB,Interconexión Nacional,VC,,300000.0,9677.41935483871
2021-12-01,BTA_LKEBVC5076,ETB,Interconexión Nacional,VC,,300000.0,9677.41935483871
2021-12-01,BTA_LKEBVC5077,ETB,Interconexión Nacional,VC,,300000.0,9677.41935483871
2021-12-01,BTA_LKEBVC5078,ETB,Interconexión Nacional,VC,,300000.0,9677.41935483871
2021-12-01,BTA_LKEBVC5079,ETB,Interconexión Nacional,VC,,300000.0,9677.41935483871
2021-12-01,BTA_LKEBVC5080,ETB,Interconexión Nacional,VC,,300000.0,9677.41935483871
2021-12-01,BTA_LKEBVC5081,ETB,Interconexión Nacional,VC,,300000.0,9677.41935483871
2021-12-01,BTA_LKEBVC5082,ETB,Interconexión Nacional,VC,,300000.0,9677.41935483871
2021-12-01,BTA_LKEBVC5083,ETB,Interconexión Nacional,VC,,300000.0,9677.41935483871
2021-12-01,BTA_LKEBVC5084,ETB,Interconexión Nacional,VC,,300000.0,9677.41935483871
2021-12-01,BTA_LKEBVC5085,ETB,Interconexión Nacional,VC,,300000.0,9677.41935483871
2021-12-01,BTA_LKEBVC5086,ETB,Interconexión Nacional,VC,,300000.0,9677.41935483871
2021-12-01,BTA_LKEBVC5136,ETB,Interconexión Nacional,VC,,300000.0,9677.41935483871
2021-12-01,BTA_LKEBVC5137,ETB,Interconexión Nacional,VC,,300000.0,9677.41935483871
2021-12-01,BTA_LKEBVC5138,ETB,Interconexión Nacional,VC,,300000.0,9677.41935483871
2021-12-01,BTA_LKEBVC5139,ETB,Interconexión Nacional,VC,,300000.0,9677.41935483871
2021-12-01,BTA_LKEBVC5140,ETB,Interconexión Nacional,VC,,300000.0,9677.41935483871
2021-12-01,BTA_LKEBVC5141,ETB,Interconexión Nacional,VC,,300000.0,9677.41935483871
2021-12-01,BTA_LKEBVC5142,ETB,Interconexión Nacional,VC,,300000.0,9677.41935483871
2021-12-01,BTA_LKEBVC5143,ETB,Interconexión Nacional,VC,,300000.0,9677.41935483871
2021-12-01,BTA_LKEBVC5144,ETB,Interconexión Nacional,VC,,300000.0,9677.41935483871
2021-12-01,BTA_LKEBVC5145,ETB,Interconexión Nacional,VC,,300000.0,9677.41935483871
2021-12-01,BTA_LKEBVC5146,ETB,Interconexión Nacional,VC,,300000.0,9677.41935483871
2021-12-01,BTA_LKEBVC5147,ETB,Interconexión Nacional,VC,,300000.0,9677.41935483871
2021-12-01,BTA_LKEBVC5148,ETB,Interconexión Nacional,VC,,300000.0,9677.41935483871
2021-12-01,BTA_LKEBVC5149,ETB,Interconexión Nacional,VC,,300000.0,9677.41935483871
2021-12-01,BTA_LKEBVC5150,ETB,Interconexión Nacional,VC,,300000.0,9677.41935483871
2021-12-01,BTA_LKEBVC5151,ETB,Interconexión Nacional,VC,,300000.0,9677.41935483871
2021-12-01,BTA_LKEBVC5152,ETB,Interconexión Nacional,VC,,300000.0,9677.41935483871
2021-12-01,BTA_LKEBVC5153,ETB,Interconexión Nacional,VC,,300000.0,9677.41935483871
2021-12-01,BTA_LKEBVC5154,ETB,Interconexión Nacional,VC,,300000.0,9677.41935483871
2021-12-01,BTA_LKEBVC5155,ETB,Interconexión Nacional,VC,,300000.0,9677.41935483871
2021-12-01,BTA_LKEBVC5156,ETB,Interconexión Nacional,VC,,300000.0,9677.41935483871
2021-12-01,BTA_LKEBVC5157,ETB,Interconexión Nacional,VC,,300000.0,9677.41935483871
2021-12-01,BTA_LKEBVC5158,ETB,Interconexión Nacional,VC,,300000.0,9677.41935483871
2021-12-01,BTA_LKEBVC5159,ETB,Interconexión Nacional,VC,,300000.0,9677.41935483871
2021-12-01,BTA_LKEBVC5160,ETB,Interconexión Nacional,VC,,300000.0,9677.41935483871
2021-12-01,BTA_LKEBVC5161,ETB,Interconexión Nacional,VC,,300000.0,9677.41935483871
2021-12-01,BTA_LKEBVC5162,ETB,Interconexión Nacional,VC,,300000.0,9677.41935483871
2021-12-01,BTA_LKEBVC5163,ETB,Interconexión Nacional,VC,,300000.0,9677.41935483871
2021-12-01,BTA_LKEBVC5164,ETB,Interconexión Nacional,VC,,300000.0,9677.41935483871
2021-12-01,BTA_LKEBVC5165,ETB,Interconexión Nacional,VC,,300000.0,9677.41935483871
2021-12-01,BTA_LKEBVC5166,ETB,Interconexión Nacional,VC,,300000.0,9677.41935483871
2021-12-01,BTA_LKEBVC5167,ETB,Interconexión Nacional,VC,,300000.0,9677.41935483871
2021-12-01,BTA_LKEBVC5168,ETB,Interconexión Nacional,VC,,300000.0,9677.41935483871
2021-12-01,BTA_LKEBVC5169,ETB,Interconexión Nacional,VC,,300000.0,9677.41935483871
2021-12-01,BTA_LKEBVC5170,ETB,Interconexión Nacional,VC,,300000.0,9677.41935483871
2021-12-01,BTA_LKEBVC5171,ETB,Interconexión Nacional,VC,,300000.0,9677.41935483871
2021-12-01,BTA_LKEBVC5172,ETB,Interconexión Nacional,VC,,300000.0,9677.41935483871
2021-12-01,BTA_LKEBVC5173,ETB,Interconexión Nacional,VC,,300000.0,9677.41935483871
2021-12-01,BTA_LKEBVC5174,ETB,Interconexión Nacional,VC,,300000.0,9677.41935483871
2021-12-01,BTA_LKEBVC5175,ETB,Interconexión Nacional,VC,,300000.0,9677.41935483871
2021-12-01,BTA_LKEBVC5176,ETB,Interconexión Nacional,VC,,300000.0,9677.41935483871
2021-12-01,BTA_LKEBVC5177,ETB,Interconexión Nacional,VC,,300000.0,9677.41935483871
2021-12-01,BTA_LKEBVC5178,ETB,Interconexión Nacional,VC,,300000.0,9677.41935483871
2021-12-01,BTA_LKEBVC5179,ETB,Interconexión Nacional,VC,,300000.0,9677.41935483871
2021-12-01,BTA_LKEBVC5180,ETB,Interconexión Nacional,VC,,300000.0,9677.41935483871
2021-12-01,BTA_LKEBVC5181,ETB,Interconexión Nacional,VC,,300000.0,9677.41935483871
2021-12-01,BTA_LKEBVC5182,ETB,Interconexión Nacional,VC,,300000.0,9677.41935483871
2021-12-01,BTA_LKEBVC5183,ETB,Interconexión Nacional,VC,,300000.0,9677.41935483871
2021-12-01,BTA_LKEBVC5184,ETB,Interconexión Nacional,VC,,300000.0,9677.41935483871
2021-12-01,BTA_LKEBVC5185,ETB,Interconexión Nacional,VC,,300000.0,9677.41935483871
2021-12-01,BTA_LKEBVC5186,ETB,Interconexión Nacional,VC,,300000.0,9677.41935483871
2021-12-01,BTA_LKEBVC5187,ETB,Interconexión Nacional,VC,,300000.0,9677.41935483871
2021-12-01,BTA_LKEBVC5188,ETB,Interconexión Nacional,VC,,300000.0,9677.41935483871
2021-12-01,BTA_LKEBVC5189,ETB,Interconexión Nacional,VC,,300000.0,9677.41935483871
2021-12-01,BTA_LKEBVC5190,ETB,Interconexión Nacional,VC,,300000.0,9677.41935483871
2021-12-01,BTA_LKEBVC5215,ETB,Interconexión Nacional,VC,,300000.0,9677.41935483871
2021-12-01,BTA_LKEBVC5216,ETB,Interconexión Nacional,VC,,300000.0,9677.41935483871
2021-12-01,BTA_LKEBVC5217,ETB,Interconexión Nacional,VC,,300000.0,9677.41935483871
2021-12-01,BTA_LKEBVC5218,ETB,Interconexión Nacional,VC,,300000.0,9677.41935483871
2021-12-01,BTA_LKEBVC5219,ETB,Interconexión Nacional,VC,,300000.0,9677.41935483871
2021-12-01,BTA_LKEBVC5220,ETB,Interconexión Nacional,VC,,300000.0,9677.41935483871
2021-12-01,BTA_LKEBVC5232,ETB,Interconexión Nacional,VC,,300000.0,9677.41935483871
2021-12-01,BTA_LKEBVC5233,ETB,Interconexión Nacional,VC,,300000.0,9677.41935483871
2021-12-01,BTA_LKEBVC5234,ETB,Interconexión Nacional,VC,,300000.0,9677.41935483871
2021-12-01,BTA_LKEBVC5235,ETB,Interconexión Nacional,VC,,300000.0,9677.41935483871
2021-12-01,BTA_LKEBVC5236,ETB,Interconexión Nacional,VC,,300000.0,9677.41935483871
2021-12-01,BTA_LKEBVC5237,ETB,Interconexión Nacional,VC,,300000.0,9677.41935483871
2021-12-01,BTA_LKEBVC5238,ETB,Interconexión Nacional,VC,,300000.0,9677.41935483871
2021-12-01,BTA_LKEBVC5254,ETB,Interconexión Nacional,VC,,300000.0,9677.41935483871
2021-12-01,BTA_LKEBVC5255,ETB,Interconexión Nacional,VC,,300000.0,9677.41935483871
2021-12-01,BTA_LKEBVC5256,ETB,Interconexión Nacional,VC,,300000.0,9677.41935483871
2021-12-01,BTA_LKEBVC5257,ETB,Interconexión Nacional,VC,,300000.0,9677.41935483871
2021-12-01,BTA_LKEBVC5258,ETB,Interconexión Nacional,VC,,300000.0,9677.41935483871
2021-12-01,BTA_LKEBVC5265,ETB,Interconexión Nacional,VC,,300000.0,9677.41935483871
2021-12-01,BTA_LKEBVC5266,ETB,Interconexión Nacional,VC,,300000.0,9677.41935483871
2021-12-01,BTA_LKEBVC5267,ETB,Interconexión Nacional,VC,,300000.0,9677.41935483871
2021-12-01,BTA_LKEBVC5268,ETB,Interconexión Nacional,VC,,300000.0,9677.41935483871
2021-12-01,BTA_LKEBVC5269,ETB,Interconexión Nacional,VC,,300000.0,9677.41935483871
2021-12-01,BTA_LKEBVC6023,ETB,Interconexión Nacional,VC,,300000.0,9677.41935483871
2021-12-01,BTA_LKEBVC6024,ETB,Interconexión Nacional,VC,,300000.0,9677.41935483871
2021-12-01,BTA_LKEBVC6025,ETB,Interconexión Nacional,VC,,300000.0,9677.41935483871
2021-12-01,BTA_LKEBVC6026,ETB,Interconexión Nacional,VC,,300000.0,9677.41935483871
2021-12-01,BTA_LKEBVC6027,ETB,Interconexión Nacional,VC,,300000.0,9677.41935483871
2021-12-01,BTA_LKEBVC6028,ETB,Interconexión Nacional,VC,,300000.0,9677.41935483871
2021-12-01,BTA_LKEBVC6029,ETB,Interconexión Nacional,VC,,300000.0,9677.41935483871
2021-12-01,BTA_LKEBVC6030,ETB,Interconexión Nacional,VC,,300000.0,9677.41935483871
2021-12-01,BTA_LKEBVC6031,ETB,Interconexión Nacional,VC,,300000.0,9677.41935483871
2021-12-01,BTA_LKEBVC6032,ETB,Interconexión Nacional,VC,,300000.0,9677.41935483871
2021-12-01,BTA_LKEBVC6033,ETB,Interconexión Nacional,VC,,300000.0,9677.41935483871
2021-12-01,BTA_LKEBVC6034,ETB,Interconexión Nacional,VC,,300000.0,9677.41935483871
2021-12-01,BTA_LKEBVC6035,ETB,Interconexión Nacional,VC,,300000.0,9677.41935483871
2021-12-01,BTA_LKEBVC6036,ETB,Interconexión Nacional,VC,,300000.0,9677.41935483871
2021-12-01,BTA_LKEBVC6037,ETB,Interconexión Nacional,VC,,300000.0,9677.41935483871
2021-12-01,BTA_LKEBVC6038,ETB,Interconexión Nacional,VC,,300000.0,9677.41935483871
2021-12-01,BTA_LKEBVC6039,ETB,Interconexión Nacional,VC,,300000.0,9677.41935483871
2021-12-01,BTA_LKEBVC6040,ETB,Interconexión Nacional,VC,,300000.0,9677.41935483871
2021-12-01,BTA_LKEBVC6041,ETB,Interconexión Nacional,VC,,300000.0,9677.41935483871
2021-12-01,BTA_LKEBVC6042,ETB,Interconexión Nacional,VC,,300000.0,9677.41935483871
2021-12-01,BTA_LKEBVC6043,ETB,Interconexión Nacional,VC,,300000.0,9677.41935483871
2021-12-01,BTA_LKEBVC6044,ETB,Interconexión Nacional,VC,,300000.0,9677.41935483871
2021-12-01,BTA_LKEBVC6070,ETB,Interconexión Nacional,VC,,300000.0,9677.41935483871
2021-12-01,BTA_LKEBVC6071,ETB,Interconexión Nacional,VC,,300000.0,9677.41935483871
2021-12-01,BTA_LKEBVC6072,ETB,Interconexión Nacional,VC,,300000.0,9677.41935483871
2021-12-01,BTA_LKEBVC6073,ETB,Interconexión Nacional,VC,,300000.0,9677.41935483871
2021-12-01,BTA_LKEBVC6074,ETB,Interconexión Nacional,VC,,300000.0,9677.41935483871
2021-12-01,BTA_LKEBVC6075,ETB,Interconexión Nacional,VC,,300000.0,9677.41935483871
2021-12-01,BTA_LKEBVC6076,ETB,Interconexión Nacional,VC,,300000.0,9677.41935483871
2021-12-01,BTA_LKEBVC6077,ETB,Interconexión Nacional,VC,,300000.0,9677.41935483871
2021-12-01,BTA_LKEBVC6078,ETB,Interconexión Nacional,VC,,300000.0,9677.41935483871
2021-12-01,BTA_LKEBVC6079,ETB,Interconexión Nacional,VC,,300000.0,9677.41935483871
2021-12-01,BTA_LKEBVC6080,ETB,Interconexión Nacional,VC,,300000.0,9677.41935483871
2021-12-01,BTA_LKEBVC6081,ETB,Interconexión Nacional,VC,,300000.0,9677.41935483871
2021-12-01,BTA_LKEBVC6082,ETB,Interconexión Nacional,VC,,300000.0,9677.41935483871
2021-12-01,BTA_LKEBVC6083,ETB,Interconexión Nacional,VC,,300000.0,9677.41935483871
2021-12-01,BTA_LKEBVC6084,ETB,Interconexión Nacional,VC,,300000.0,9677.41935483871
2021-12-01,BTA_LKEBVC6085,ETB,Interconexión Nacional,VC,,300000.0,9677.41935483871
2021-12-01,BTA_LKEBVC6086,ETB,Interconexión Nacional,VC,,300000.0,9677.41935483871
2021-12-01,BTA_LKEBVC6087,ETB,Interconexión Nacional,VC,,300000.0,9677.41935483871
2021-12-01,BTA_LKEBVC6088,ETB,Interconexión Nacional,VC,,300000.0,9677.41935483871
2021-12-01,BTA_LKEBVC6089,ETB,Interconexión Nacional,VC,,300000.0,9677.41935483871
2021-12-01,BTA_LKEBVC6090,ETB,Interconexión Nacional,VC,,300000.0,9677.41935483871
2021-12-01,BTA_LKEBVC6091,ETB,Interconexión Nacional,VC,,300000.0,9677.41935483871
2021-12-01,BTA_LKEBVC6092,ETB,Interconexión Nacional,VC,,300000.0,9677.41935483871
2021-12-01,BTA_LKEBVC6093,ETB,Interconexión Nacional,VC,,300000.0,9677.41935483871
2021-12-01,BTA_LKEBVC6094,ETB,Interconexión Nacional,VC,,300000.0,9677.41935483871
2021-12-01,CLI_LKEBVC5001,ETB,Interconexión Nacional,VC,,300000.0,9677.41935483871
2021-12-01,CLI_LKEBVC5002,ETB,Interconexión Nacional,VC,,300000.0,9677.41935483871
2021-12-01,CLI_LKEBVC5003,ETB,Interconexión Nacional,VC,,300000.0,9677.41935483871
2021-12-01,CLI_LKEBVC5004,ETB,Interconexión Nacional,VC,,300000.0,9677.41935483871
2021-12-01,CLI_LKEBVC5005,ETB,Interconexión Nacional,VC,,300000.0,9677.41935483871
2021-12-01,CLI_LKEBVC5006,ETB,Interconexión Nacional,VC,,300000.0,9677.41935483871
2021-12-01,CLI_LKEBVC5014,ETB,Interconexión Nacional,VC,,300000.0,9677.41935483871
2021-12-01,PER_LKEBVC5001,ETB,Interconexión Nacional,VC,,300000.0,9677.41935483871
2021-12-01,PER_LKEBVC5002,ETB,Interconexión Nacional,VC,,300000.0,9677.41935483871
2021-12-01,PER_LKEBVC5003,ETB,Interconexión Nacional,VC,,300000.0,9677.41935483871
2021-12-01,PER_LKEBVC5004,ETB,Interconexión Nacional,VC,,300000.0,9677.41935483871
2021-12-01,PER_LKEBVC5005,ETB,Interconexión Nacional,VC,,300000.0,9677.41935483871
2021-12-01,PER_LKEBVC5006,ETB,Interconexión Nacional,VC,,300000.0,9677.41935483871
2021-12-01,PER_LKEBVC5007,ETB,Interconexión Nacional,VC,,300000.0,9677.41935483871
2021-12-01,PER_LKEBVC5008,ETB,Interconexión Nacional,VC,,300000.0,9677.41935483871
2021-12-01,PER_LKEBVC5009,ETB,Interconexión Nacional,VC,,300000.0,9677.41935483871
2021-12-01,PER_LKEBVC5010,ETB,Interconexión Nacional,VC,,300000.0,9677.41935483871
2021-12-01,PER_LKEBVC5011,ETB,Interconexión Nacional,VC,,300000.0,9677.41935483871
2021-12-01,PER_LKEBVC5012,ETB,Interconexión Nacional,VC,,300000.0,9677.41935483871
2021-12-01,PER_LKEBVC5013,ETB,Interconexión Nacional,VC,,300000.0,9677.41935483871
2021-12-01,PER_LKEBVC5014,ETB,Interconexión Nacional,VC,,300000.0,9677.41935483871
2021-12-01,PER_LKEBVC5015,ETB,Interconexión Nacional,VC,,300000.0,9677.41935483871
2021-12-01,PER_LKEBVC5016,ETB,Interconexión Nacional,VC,,300000.0,9677.41935483871
2021-12-01,PER_LKEBVC5017,ETB,Interconexión Nacional,VC,,300000.0,9677.41935483871
2021-12-01,PER_LKEBVC5018,ETB,Interconexión Nacional,VC,,300000.0,9677.41935483871
2021-12-01,PER_LKEBVC5019,ETB,Interconexión Nacional,VC,,300000.0,9677.41935483871
2021-12-01,PER_LKEBVC5020,ETB,Interconexión Nacional,VC,,300000.0,9677.41935483871
2021-12-01,PER_LKEBVC5021,ETB,Interconexión Nacional,VC,,300000.0,9677.41935483871
2021-12-01,PER_LKEBVC5022,ETB,Interconexión Nacional,VC,,300000.0,9677.41935483871
2021-12-01,PER_LKEBVC5023,ETB,Interconexión Nacional,VC,,300000.0,9677.41935483871
2021-12-01,PER_LKEBVC5024,ETB,Interconexión Nacional,VC,,300000.0,9677.41935483871
2021-12-01,PER_LKEBVC5025,ETB,Interconexión Nacional,VC,,300000.0,9677.41935483871
2021-12-01,PER_LKEBVC5026,ETB,Interconexión Nacional,VC,,300000.0,9677.41935483871
2021-12-01,PER_LKEBVC5027,ETB,Interconexión Nacional,VC,,300000.0,9677.41935483871
2021-12-01,PER_LKEBVC5028,ETB,Interconexión Nacional,VC,,300000.0,9677.41935483871
2021-12-01,PER_LKEBVC5029,ETB,Interconexión Nacional,VC,,300000.0,9677.41935483871
2021-12-01,PER_LKEBVC6001,ETB,Interconexión Nacional,VC,,300000.0,9677.41935483871
2021-12-01,PER_LKEBVC6002,ETB,Interconexión Nacional,VC,,300000.0,9677.41935483871
2021-12-01,PER_LKEBVC6003,ETB,Interconexión Nacional,VC,,300000.0,9677.41935483871
2021-12-01,PER_LKEBVC6004,ETB,Interconexión Nacional,VC,,300000.0,9677.41935483871
2021-12-01,PER_LKEBVC6005,ETB,Interconexión Nacional,VC,,300000.0,9677.41935483871
2021-12-01,PER_LKEBVC6006,ETB,Interconexión Nacional,VC,,300000.0,9677.41935483871
2021-12-01,PER_LKEBVC6007,ETB,Interconexión Nacional,VC,,300000.0,9677.41935483871
2021-12-01,PER_LKEBVC6008,ETB,Interconexión Nacional,VC,,300000.0,9677.41935483871
2021-12-01,PER_LKEBVC6009,ETB,Interconexión Nacional,VC,,300000.0,9677.41935483871
2021-12-01,PER_LKEBVC6010,ETB,Interconexión Nacional,VC,,300000.0,9677.41935483871
2021-12-01,PER_LKEBVC6011,ETB,Interconexión Nacional,VC,,300000.0,9677.41935483871
2021-12-01,PER_LKEBVC6012,ETB,Interconexión Nacional,VC,,300000.0,9677.41935483871
2021-12-01,PER_LKEBVC6013,ETB,Interconexión Nacional,VC,,300000.0,9677.41935483871
2021-12-01,PER_LKEBVC6014,ETB,Interconexión Nacional,VC,,300000.0,9677.41935483871
2021-12-01,PER_LKEBVC6015,ETB,Interconexión Nacional,VC,,300000.0,9677.41935483871
2021-12-01,PER_LKEBVC6016,ETB,Interconexión Nacional,VC,,300000.0,9677.41935483871
2021-12-01,PER_LKEBVC6017,ETB,Interconexión Nacional,VC,,300000.0,9677.41935483871
2021-12-01,PER_LKEBVC6018,ETB,Interconexión Nacional,VC,,300000.0,9677.41935483871
2021-12-01,BQL_LKEBET5001,ETB,Interconexión Nacional,ET,10,45000.0,14516.129032258064
2021-12-01,MED_LKEBET5001,ETB,Interconexión Nacional,ET,10,45000.0,14516.129032258064
2021-12-01,MED_LKEBET5002,ETB,Interconexión Nacional,ET,10,45000.0,14516.129032258064
2021-12-01,MED_LKEBET5005,ETB,Interconexión Nacional,ET,950,9500.0,291129.03225806454
2021-12-01,BTA_LKEBE15001,ETB,Interconexión Metropolitana,E1,,390000.0,12580.645161290322
2021-12-01,BTA_LKEBE15002,ETB,Interconexión Metropolitana,E1,,390000.0,12580.645161290322
2021-12-01,BTA_LKEBE15003,ETB,Interconexión Metropolitana,E1,,390000.0,12580.645161290322
2021-12-01,BTA_LKEBE15010,ETB,Interconexión Metropolitana,E1,,390000.0,12580.645161290322
2021-12-01,BTA_LKEBE15013,ETB,Interconexión Metropolitana,E1,,390000.0,12580.645161290322
2021-12-01,MED_LKEBE15003,ETB,Interconexión Metropolitana,E1,,390000.0,12580.645161290322
2021-12-01,MED_LKEBE15006,ETB,Interconexión Metropolitana,E1,,390000.0,12580.645161290322
2021-12-01,BTA_LKEBVC5001,ETB,Interconexión Metropolitana,VC,,250000.0,8064.5161290322585
2021-12-01,BTA_LKEBVC5002,ETB,Interconexión Metropolitana,VC,,250000.0,8064.5161290322585
2021-12-01,BTA_LKEBVC5003,ETB,Interconexión Metropolitana,VC,,250000.0,8064.5161290322585
2021-12-01,BTA_LKEBVC5004,ETB,Interconexión Metropolitana,VC,,250000.0,8064.5161290322585
2021-12-01,BTA_LKEBVC5005,ETB,Interconexión Metropolitana,VC,,250000.0,8064.5161290322585
2021-12-01,BTA_LKEBVC5006,ETB,Interconexión Metropolitana,VC,,250000.0,8064.5161290322585
2021-12-01,BTA_LKEBVC5007,ETB,Interconexión Metropolitana,VC,,250000.0,8064.5161290322585
2021-12-01,BTA_LKEBVC5008,ETB,Interconexión Metropolitana,VC,,250000.0,8064.5161290322585
2021-12-01,BTA_LKEBVC5009,ETB,Interconexión Metropolitana,VC,,250000.0,8064.5161290322585
2021-12-01,BTA_LKEBVC5010,ETB,Interconexión Metropolitana,VC,,250000.0,8064.5161290322585
2021-12-01,BTA_LKEBVC5011,ETB,Interconexión Metropolitana,VC,,250000.0,8064.5161290322585
2021-12-01,BTA_LKEBVC5012,ETB,Interconexión Metropolitana,VC,,250000.0,8064.5161290322585
2021-12-01,BTA_LKEBVC5013,ETB,Interconexión Metropolitana,VC,,250000.0,8064.5161290322585
2021-12-01,BTA_LKEBVC5014,ETB,Interconexión Metropolitana,VC,,250000.0,8064.5161290322585
2021-12-01,BTA_LKEBVC5015,ETB,Interconexión Metropolitana,VC,,250000.0,8064.5161290322585
2021-12-01,BTA_LKEBVC5016,ETB,Interconexión Metropolitana,VC,,250000.0,8064.5161290322585
2021-12-01,BTA_LKEBVC5017,ETB,Interconexión Metropolitana,VC,,250000.0,8064.5161290322585
2021-12-01,BTA_LKEBVC5018,ETB,Interconexión Metropolitana,VC,,250000.0,8064.5161290322585
2021-12-01,BTA_LKEBVC5019,ETB,Interconexión Metropolitana,VC,,250000.0,8064.5161290322585
2021-12-01,BTA_LKEBVC5020,ETB,Interconexión Metropolitana,VC,,250000.0,8064.5161290322585
2021-12-01,BTA_LKEBVC5021,ETB,Interconexión Metropolitana,VC,,250000.0,8064.5161290322585
2021-12-01,BTA_LKEBVC5022,ETB,Interconexión Metropolitana,VC,,250000.0,8064.5161290322585
2021-12-01,BTA_LKEBVC5023,ETB,Interconexión Metropolitana,VC,,250000.0,8064.5161290322585
2021-12-01,BTA_LKEBVC5024,ETB,Interconexión Metropolitana,VC,,250000.0,8064.5161290322585
2021-12-01,BTA_LKEBVC5025,ETB,Interconexión Metropolitana,VC,,250000.0,8064.5161290322585
2021-12-01,BTA_LKEBVC5026,ETB,Interconexión Metropolitana,VC,,250000.0,8064.5161290322585
2021-12-01,BTA_LKEBVC5027,ETB,Interconexión Metropolitana,VC,,250000.0,8064.5161290322585
2021-12-01,BTA_LKEBVC5028,ETB,Interconexión Metropolitana,VC,,250000.0,8064.5161290322585
2021-12-01,BTA_LKEBVC5029,ETB,Interconexión Metropolitana,VC,,250000.0,8064.5161290322585
2021-12-01,BTA_LKEBVC5030,ETB,Interconexión Metropolitana,VC,,250000.0,8064.5161290322585
2021-12-01,BTA_LKEBVC5031,ETB,Interconexión Metropolitana,VC,,250000.0,8064.5161290322585
2021-12-01,BTA_LKEBVC5032,ETB,Interconexión Metropolitana,VC,,250000.0,8064.5161290322585
2021-12-01,BTA_LKEBVC5033,ETB,Interconexión Metropolitana,VC,,250000.0,8064.5161290322585
2021-12-01,BTA_LKEBVC5034,ETB,Interconexión Metropolitana,VC,,250000.0,8064.5161290322585
2021-12-01,BTA_LKEBVC5035,ETB,Interconexión Metropolitana,VC,,250000.0,8064.5161290322585
2021-12-01,BTA_LKEBVC5036,ETB,Interconexión Metropolitana,VC,,250000.0,8064.5161290322585
2021-12-01,BTA_LKEBVC5037,ETB,Interconexión Metropolitana,VC,,250000.0,8064.5161290322585
2021-12-01,BTA_LKEBVC5038,ETB,Interconexión Metropolitana,VC,,250000.0,8064.5161290322585
2021-12-01,BTA_LKEBVC5039,ETB,Interconexión Metropolitana,VC,,250000.0,8064.5161290322585
2021-12-01,BTA_LKEBVC5040,ETB,Interconexión Metropolitana,VC,,250000.0,8064.5161290322585
2021-12-01,BTA_LKEBVC5041,ETB,Interconexión Metropolitana,VC,,250000.0,8064.5161290322585
2021-12-01,BTA_LKEBVC5042,ETB,Interconexión Metropolitana,VC,,250000.0,8064.5161290322585
2021-12-01,BTA_LKEBVC5043,ETB,Interconexión Metropolitana,VC,,250000.0,8064.5161290322585
2021-12-01,BTA_LKEBVC5087,ETB,Interconexión Metropolitana,VC,,250000.0,8064.5161290322585
2021-12-01,BTA_LKEBVC5088,ETB,Interconexión Metropolitana,VC,,250000.0,8064.5161290322585
2021-12-01,BTA_LKEBVC5089,ETB,Interconexión Metropolitana,VC,,250000.0,8064.5161290322585
2021-12-01,BTA_LKEBVC5090,ETB,Interconexión Metropolitana,VC,,250000.0,8064.5161290322585
2021-12-01,BTA_LKEBVC5091,ETB,Interconexión Metropolitana,VC,,250000.0,8064.5161290322585
2021-12-01,BTA_LKEBVC5092,ETB,Interconexión Metropolitana,VC,,250000.0,8064.5161290322585
2021-12-01,BTA_LKEBVC5093,ETB,Interconexión Metropolitana,VC,,250000.0,8064.5161290322585
2021-12-01,BTA_LKEBVC5094,ETB,Interconexión Metropolitana,VC,,250000.0,8064.5161290322585
2021-12-01,BTA_LKEBVC5095,ETB,Interconexión Metropolitana,VC,,250000.0,8064.5161290322585
2021-12-01,BTA_LKEBVC5096,ETB,Interconexión Metropolitana,VC,,250000.0,8064.5161290322585
2021-12-01,BTA_LKEBVC5097,ETB,Interconexión Metropolitana,VC,,250000.0,8064.5161290322585
2021-12-01,BTA_LKEBVC5098,ETB,Interconexión Metropolitana,VC,,250000.0,8064.5161290322585
2021-12-01,BTA_LKEBVC5099,ETB,Interconexión Metropolitana,VC,,250000.0,8064.5161290322585
2021-12-01,BTA_LKEBVC5100,ETB,Interconexión Metropolitana,VC,,250000.0,8064.5161290322585
2021-12-01,BTA_LKEBVC5101,ETB,Interconexión Metropolitana,VC,,250000.0,8064.5161290322585
2021-12-01,BTA_LKEBVC5102,ETB,Interconexión Metropolitana,VC,,250000.0,8064.5161290322585
2021-12-01,BTA_LKEBVC5103,ETB,Interconexión Metropolitana,VC,,250000.0,8064.5161290322585
2021-12-01,BTA_LKEBVC5104,ETB,Interconexión Metropolitana,VC,,250000.0,8064.5161290322585
2021-12-01,BTA_LKEBVC5105,ETB,Interconexión Metropolitana,VC,,250000.0,8064.5161290322585
2021-12-01,BTA_LKEBVC5106,ETB,Interconexión Metropolitana,VC,,250000.0,8064.5161290322585
2021-12-01,BTA_LKEBVC5107,ETB,Interconexión Metropolitana,VC,,250000.0,8064.5161290322585
2021-12-01,BTA_LKEBVC5108,ETB,Interconexión Metropolitana,VC,,250000.0,8064.5161290322585
2021-12-01,BTA_LKEBVC5109,ETB,Interconexión Metropolitana,VC,,250000.0,8064.5161290322585
2021-12-01,BTA_LKEBVC5110,ETB,Interconexión Metropolitana,VC,,250000.0,8064.5161290322585
2021-12-01,BTA_LKEBVC5111,ETB,Interconexión Metropolitana,VC,,250000.0,8064.5161290322585
2021-12-01,BTA_LKEBVC5112,ETB,Interconexión Metropolitana,VC,,250000.0,8064.5161290322585
2021-12-01,BTA_LKEBVC5113,ETB,Interconexión Metropolitana,VC,,250000.0,8064.5161290322585
2021-12-01,BTA_LKEBVC5114,ETB,Interconexión Metropolitana,VC,,250000.0,8064.5161290322585
2021-12-01,BTA_LKEBVC5115,ETB,Interconexión Metropolitana,VC,,250000.0,8064.5161290322585
2021-12-01,BTA_LKEBVC5116,ETB,Interconexión Metropolitana,VC,,250000.0,8064.5161290322585
2021-12-01,BTA_LKEBVC5117,ETB,Interconexión Metropolitana,VC,,250000.0,8064.5161290322585
2021-12-01,BTA_LKEBVC5118,ETB,Interconexión Metropolitana,VC,,250000.0,8064.5161290322585
2021-12-01,BTA_LKEBVC5119,ETB,Interconexión Metropolitana,VC,,250000.0,8064.5161290322585
2021-12-01,BTA_LKEBVC5120,ETB,Interconexión Metropolitana,VC,,250000.0,8064.5161290322585
2021-12-01,BTA_LKEBVC5121,ETB,Interconexión Metropolitana,VC,,250000.0,8064.5161290322585
2021-12-01,BTA_LKEBVC5122,ETB,Interconexión Metropolitana,VC,,250000.0,8064.5161290322585
2021-12-01,BTA_LKEBVC5123,ETB,Interconexión Metropolitana,VC,,250000.0,8064.5161290322585
2021-12-01,BTA_LKEBVC5124,ETB,Interconexión Metropolitana,VC,,250000.0,8064.5161290322585
2021-12-01,BTA_LKEBVC5125,ETB,Interconexión Metropolitana,VC,,250000.0,8064.5161290322585
2021-12-01,BTA_LKEBVC5126,ETB,Interconexión Metropolitana,VC,,250000.0,8064.5161290322585
2021-12-01,BTA_LKEBVC5127,ETB,Interconexión Metropolitana,VC,,250000.0,8064.5161290322585
2021-12-01,BTA_LKEBVC5128,ETB,Interconexión Metropolitana,VC,,250000.0,8064.5161290322585
2021-12-01,BTA_LKEBVC5129,ETB,Interconexión Metropolitana,VC,,250000.0,8064.5161290322585
2021-12-01,BTA_LKEBVC5130,ETB,Interconexión Metropolitana,VC,,250000.0,8064.5161290322585
2021-12-01,BTA_LKEBVC5131,ETB,Interconexión Metropolitana,VC,,250000.0,8064.5161290322585
2021-12-01,BTA_LKEBVC5132,ETB,Interconexión Metropolitana,VC,,250000.0,8064.5161290322585
2021-12-01,BTA_LKEBVC5133,ETB,Interconexión Metropolitana,VC,,250000.0,8064.5161290322585
2021-12-01,BTA_LKEBVC5134,ETB,Interconexión Metropolitana,VC,,250000.0,8064.5161290322585
2021-12-01,BTA_LKEBVC5135,ETB,Interconexión Metropolitana,VC,,250000.0,8064.5161290322585
2021-12-01,BTA_LKEBVC5191,ETB,Interconexión Metropolitana,VC,,250000.0,8064.5161290322585
2021-12-01,BTA_LKEBVC5192,ETB,Interconexión Metropolitana,VC,,250000.0,8064.5161290322585
2021-12-01,BTA_LKEBVC5193,ETB,Interconexión Metropolitana,VC,,250000.0,8064.5161290322585
2021-12-01,BTA_LKEBVC5194,ETB,Interconexión Metropolitana,VC,,250000.0,8064.5161290322585
2021-12-01,BTA_LKEBVC5195,ETB,Interconexión Metropolitana,VC,,250000.0,8064.5161290322585
2021-12-01,BTA_LKEBVC5196,ETB,Interconexión Metropolitana,VC,,250000.0,8064.5161290322585
2021-12-01,BTA_LKEBVC5209,ETB,Interconexión Metropolitana,VC,,250000.0,8064.5161290322585
2021-12-01,BTA_LKEBVC5210,ETB,Interconexión Metropolitana,VC,,250000.0,8064.5161290322585
2021-12-01,BTA_LKEBVC5211,ETB,Interconexión Metropolitana,VC,,250000.0,8064.5161290322585
2021-12-01,BTA_LKEBVC5212,ETB,Interconexión Metropolitana,VC,,250000.0,8064.5161290322585
2021-12-01,BTA_LKEBVC5213,ETB,Interconexión Metropolitana,VC,,250000.0,8064.5161290322585
2021-12-01,BTA_LKEBVC5214,ETB,Interconexión Metropolitana,VC,,250000.0,8064.5161290322585
2021-12-01,BTA_LKEBVC5221,ETB,Interconexión Metropolitana,VC,,250000.0,8064.5161290322585
2021-12-01,BTA_LKEBVC5222,ETB,Interconexión Metropolitana,VC,,250000.0,8064.5161290322585
2021-12-01,BTA_LKEBVC5223,ETB,Interconexión Metropolitana,VC,,250000.0,8064.5161290322585
2021-12-01,BTA_LKEBVC5224,ETB,Interconexión Metropolitana,VC,,250000.0,8064.5161290322585
2021-12-01,BTA_LKEBVC5225,ETB,Interconexión Metropolitana,VC,,250000.0,8064.5161290322585
2021-12-01,BTA_LKEBVC5226,ETB,Interconexión Metropolitana,VC,,250000.0,8064.5161290322585
2021-12-01,BTA_LKEBVC5227,ETB,Interconexión Metropolitana,VC,,250000.0,8064.5161290322585
2021-12-01,BTA_LKEBVC5243,ETB,Interconexión Metropolitana,VC,,250000.0,8064.5161290322585
2021-12-01,BTA_LKEBVC5244,ETB,Interconexión Metropolitana,VC,,250000.0,8064.5161290322585
2021-12-01,BTA_LKEBVC5245,ETB,Interconexión Metropolitana,VC,,250000.0,8064.5161290322585
2021-12-01,BTA_LKEBVC5246,ETB,Interconexión Metropolitana,VC,,250000.0,8064.5161290322585
2021-12-01,BTA_LKEBVC5247,ETB,Interconexión Metropolitana,VC,,250000.0,8064.5161290322585
2021-12-01,BTA_LKEBVC5270,ETB,Interconexión Metropolitana,VC,,250000.0,8064.5161290322585
2021-12-01,BTA_LKEBVC5271,ETB,Interconexión Metropolitana,VC,,250000.0,8064.5161290322585
2021-12-01,BTA_LKEBVC6001,ETB,Interconexión Metropolitana,VC,,250000.0,8064.5161290322585
2021-12-01,BTA_LKEBVC6002,ETB,Interconexión Metropolitana,VC,,250000.0,8064.5161290322585
2021-12-01,BTA_LKEBVC6003,ETB,Interconexión Metropolitana,VC,,250000.0,8064.5161290322585
2021-12-01,BTA_LKEBVC6004,ETB,Interconexión Metropolitana,VC,,250000.0,8064.5161290322585
2021-12-01,BTA_LKEBVC6005,ETB,Interconexión Metropolitana,VC,,250000.0,8064.5161290322585
2021-12-01,BTA_LKEBVC6006,ETB,Interconexión Metropolitana,VC,,250000.0,8064.5161290322585
2021-12-01,BTA_LKEBVC6007,ETB,Interconexión Metropolitana,VC,,250000.0,8064.5161290322585
2021-12-01,BTA_LKEBVC6008,ETB,Interconexión Metropolitana,VC,,250000.0,8064.5161290322585
2021-12-01,BTA_LKEBVC6009,ETB,Interconexión Metropolitana,VC,,250000.0,8064.5161290322585
2021-12-01,BTA_LKEBVC6010,ETB,Interconexión Metropolitana,VC,,250000.0,8064.5161290322585
2021-12-01,BTA_LKEBVC6011,ETB,Interconexión Metropolitana,VC,,250000.0,8064.5161290322585
2021-12-01,BTA_LKEBVC6012,ETB,Interconexión Metropolitana,VC,,250000.0,8064.5161290322585
2021-12-01,BTA_LKEBVC6013,ETB,Interconexión Metropolitana,VC,,250000.0,8064.5161290322585
2021-12-01,BTA_LKEBVC6014,ETB,Interconexión Metropolitana,VC,,250000.0,8064.5161290322585
2021-12-01,BTA_LKEBVC6015,ETB,Interconexión Metropolitana,VC,,250000.0,8064.5161290322585
2021-12-01,BTA_LKEBVC6016,ETB,Interconexión Metropolitana,VC,,250000.0,8064.5161290322585
2021-12-01,BTA_LKEBVC6017,ETB,Interconexión Metropolitana,VC,,250000.0,8064.5161290322585
2021-12-01,BTA_LKEBVC6018,ETB,Interconexión Metropolitana,VC,,250000.0,8064.5161290322585
2021-12-01,BTA_LKEBVC6019,ETB,Interconexión Metropolitana,VC,,250000.0,8064.5161290322585
2021-12-01,BTA_LKEBVC6020,ETB,Interconexión Metropolitana,VC,,250000.0,8064.5161290322585
2021-12-01,BTA_LKEBVC6021,ETB,Interconexión Metropolitana,VC,,250000.0,8064.5161290322585
2021-12-01,BTA_LKEBVC6022,ETB,Interconexión Metropolitana,VC,,250000.0,8064.5161290322585
2021-12-01,BTA_LKEBVC6045,ETB,Interconexión Metropolitana,VC,,250000.0,8064.5161290322585
2021-12-01,BTA_LKEBVC6046,ETB,Interconexión Metropolitana,VC,,250000.0,8064.5161290322585
2021-12-01,BTA_LKEBVC6047,ETB,Interconexión Metropolitana,VC,,250000.0,8064.5161290322585
2021-12-01,BTA_LKEBVC6048,ETB,Interconexión Metropolitana,VC,,250000.0,8064.5161290322585
2021-12-01,BTA_LKEBVC6049,ETB,Interconexión Metropolitana,VC,,250000.0,8064.5161290322585
2021-12-01,BTA_LKEBVC6050,ETB,Interconexión Metropolitana,VC,,250000.0,8064.5161290322585
2021-12-01,BTA_LKEBVC6051,ETB,Interconexión Metropolitana,VC,,250000.0,8064.5161290322585
2021-12-01,BTA_LKEBVC6052,ETB,Interconexión Metropolitana,VC,,250000.0,8064.5161290322585
2021-12-01,BTA_LKEBVC6053,ETB,Interconexión Metropolitana,VC,,250000.0,8064.5161290322585
2021-12-01,BTA_LKEBVC6054,ETB,Interconexión Metropolitana,VC,,250000.0,8064.5161290322585
2021-12-01,BTA_LKEBVC6055,ETB,Interconexión Metropolitana,VC,,250000.0,8064.5161290322585
2021-12-01,BTA_LKEBVC6056,ETB,Interconexión Metropolitana,VC,,250000.0,8064.5161290322585
2021-12-01,BTA_LKEBVC6057,ETB,Interconexión Metropolitana,VC,,250000.0,8064.5161290322585
2021-12-01,BTA_LKEBVC6058,ETB,Interconexión Metropolitana,VC,,250000.0,8064.5161290322585
2021-12-01,BTA_LKEBVC6059,ETB,Interconexión Metropolitana,VC,,250000.0,8064.5161290322585
2021-12-01,BTA_LKEBVC6060,ETB,Interconexión Metropolitana,VC,,250000.0,8064.5161290322585
2021-12-01,BTA_LKEBVC6061,ETB,Interconexión Metropolitana,VC,,250000.0,8064.5161290322585
2021-12-01,BTA_LKEBVC6062,ETB,Interconexión Metropolitana,VC,,250000.0,8064.5161290322585
2021-12-01,BTA_LKEBVC6063,ETB,Interconexión Metropolitana,VC,,250000.0,8064.5161290322585
2021-12-01,BTA_LKEBVC6064,ETB,Interconexión Metropolitana,VC,,250000.0,8064.5161290322585
2021-12-01,BTA_LKEBVC6065,ETB,Interconexión Metropolitana,VC,,250000.0,8064.5161290322585
2021-12-01,BTA_LKEBVC6066,ETB,Interconexión Metropolitana,VC,,250000.0,8064.5161290322585
2021-12-01,BTA_LKEBVC6067,ETB,Interconexión Metropolitana,VC,,250000.0,8064.5161290322585
2021-12-01,BTA_LKEBVC6068,ETB,Interconexión Metropolitana,VC,,250000.0,8064.5161290322585
2021-12-01,BTA_LKEBVC6069,ETB,Interconexión Metropolitana,VC,,250000.0,8064.5161290322585
2021-12-01,BTA_LKEBET4001,ETB,Interconexión Metropolitana,ET,10,30000.0,9677.41935483871
2021-12-01,BTA_LKEBET5001,ETB,Interconexión Metropolitana,ET,950,8000.0,245161.29032258064
2021-12-01,BTA_LKEBET5002,ETB,Interconexión Metropolitana,ET,10,30000.0,9677.41935483871
2021-12-01,BTA_LKEBET5003,ETB,Interconexión Metropolitana,ET,10,30000.0,9677.41935483871
2021-12-01,BTA_LKEBET5004,ETB,Interconexión Metropolitana,ET,10,30000.0,9677.41935483871
2021-12-01,BTA_LKEBET6001,ETB,Interconexión Metropolitana,ET,1000,7000.0,225806.4516129032
2021-12-01,BTA_LKEBET6002,ETB,Interconexión Metropolitana,ET,2000,5790.0,373548.3870967742
2021-12-01,BTA_LKEBET6004,ETB,Interconexión Metropolitana,ET,1000,7000.0,225806.4516129032
2021-12-01,PER_LKEBE15001,ETB,E1-T,E1-T,,1050000.0,33870.967741935485
2021-12-01,PER_LKEBE15002,ETB,E1-T,E1-T,,1050000.0,33870.967741935485
2021-12-01,PER_LKEBE15003,ETB,E1-T,E1-T,,1050000.0,33870.967741935485
2021-12-01,PER_LKEBE15004,ETB,E1-T,E1-T,,1050000.0,33870.967741935485
2021-12-01,PER_LKEBE15005,ETB,E1-T,E1-T,,1050000.0,33870.967741935485
2021-12-01,PER_LKEBE15006,ETB,E1-T,E1-T,,1050000.0,33870.967741935485
2021-12-01,PER_LKEBE15007,ETB,E1-T,E1-T,,1050000.0,33870.967741935485
2021-12-01,PER_LKEBE15008,ETB,E1-T,E1-T,,1050000.0,33870.967741935485
2021-12-01,MED_LKITE15001,INTERNEXA,Interconexión Nacional,E1,,552500.0,17822.58064516129
2021-12-01,MED_LKITE15002,INTERNEXA,Interconexión Nacional,E1,,552500.0,17822.58064516129
2021-12-01,MED_LKITE15003,INTERNEXA,Interconexión Nacional,E1,,552500.0,17822.58064516129
2021-12-01,MED_LKITE15004,INTERNEXA,Interconexión Nacional,E1,,552500.0,17822.58064516129
2021-12-01,MED_LKITE15005,INTERNEXA,Interconexión Nacional,E1,,552500.0,17822.58064516129
2021-12-01,MED_LKITE15006,INTERNEXA,Interconexión Nacional,E1,,552500.0,17822.58064516129
2021-12-01,MED_LKITE15015,INTERNEXA,Interconexión Nacional,E1,,552500.0,17822.58064516129
2021-12-01,MED_LKITE15016,INTERNEXA,Interconexión Nacional,E1,,552500.0,17822.58064516129
2021-12-01,MED_LKITE15017,INTERNEXA,Interconexión Nacional,E1,,552500.0,17822.58064516129
2021-12-01,MED_LKITE16001,INTERNEXA,Interconexión Nacional,E1,,552500.0,17822.58064516129
2021-12-01,MED_LKITE16002,INTERNEXA,Interconexión Nacional,E1,,552500.0,17822.58064516129
2021-12-01,MED_LKITE16003,INTERNEXA,Interconexión Nacional,E1,,552500.0,17822.58064516129
2021-12-01,MED_LKITE16007,INTERNEXA,Interconexión Nacional,E1,,552500.0,17822.58064516129
2021-12-01,MED_LKITE16008,INTERNEXA,Interconexión Nacional,E1,,552500.0,17822.58064516129
2021-12-01,MED_LKITE16009,INTERNEXA,Interconexión Nacional,E1,,552500.0,17822.58064516129
2021-12-01,MED_LKITE16013,INTERNEXA,Interconexión Nacional,E1,,552500.0,17822.58064516129
2021-12-01,MED_LKITE15007,INTERNEXA,Interconexión Metropolitana,E1,,442000.0,14258.064516129032
2021-12-01,MED_LKITE15008,INTERNEXA,Interconexión Metropolitana,E1,,442000.0,14258.064516129032
2021-12-01,MED_LKITE15009,INTERNEXA,Interconexión Metropolitana,E1,,442000.0,14258.064516129032
2021-12-01,MED_LKITE15010,INTERNEXA,Interconexión Metropolitana,E1,,442000.0,14258.064516129032
2021-12-01,MED_LKITE15011,INTERNEXA,Interconexión Metropolitana,E1,,442000.0,14258.064516129032
2021-12-01,MED_LKITE15012,INTERNEXA,Interconexión Metropolitana,E1,,442000.0,14258.064516129032
2021-12-01,MED_LKITE15013,INTERNEXA,Interconexión Metropolitana,E1,,442000.0,14258.064516129032
2021-12-01,MED_LKITE15014,INTERNEXA,Interconexión Metropolitana,E1,,442000.0,14258.064516129032
2021-12-01,MED_LKITE15018,INTERNEXA,Interconexión Metropolitana,E1,,442000.0,14258.064516129032
2021-12-01,MED_LKITE15019,INTERNEXA,Interconexión Metropolitana,E1,,442000.0,14258.064516129032
2021-12-01,MED_LKITE15020,INTERNEXA,Interconexión Metropolitana,E1,,442000.0,14258.064516129032
2021-12-01,MED_LKITE15021,INTERNEXA,Interconexión Metropolitana,E1,,442000.0,14258.064516129032
2021-12-01,MED_LKITE16004,INTERNEXA,Interconexión Metropolitana,E1,,442000.0,14258.064516129032
2021-12-01,MED_LKITE16005,INTERNEXA,Interconexión Metropolitana,E1,,442000.0,14258.064516129032
2021-12-01,MED_LKITE16006,INTERNEXA,Interconexión Metropolitana,E1,,442000.0,14258.064516129032
2021-12-01,MED_LKITE16010,INTERNEXA,Interconexión Metropolitana,E1,,442000.0,14258.064516129032
2021-12-01,MED_LKITET5001,INTERNEXA,Interconexión Metropolitana,ET,10,1100000.0,354838.70967741933
2021-12-01,ARA_LKITET1001,INTERNEXA,Enlaces Agregación Nacional,ET,300,3899.46,37736.709677419356
2021-12-01,BQL_LKITET1001,INTERNEXA,Enlaces Agregación Nacional,ET,2800,3544.96,320189.93548387097
2021-12-01,BQL_LKITET1002,INTERNEXA,Enlaces Agregación Nacional,ET,1400,3899.46,176104.64516129033
2021-12-01,BQL_LKITET1003,INTERNEXA,Enlaces Agregación Nacional,ET,1400,3899.46,176104.64516129033
2021-12-01,BTA_LKITET3001,INTERNEXA,Enlaces Agregación Nacional,ET,1000,3899.46,125789.03225806452
2021-12-01,BTA_LKITET3002,INTERNEXA,Enlaces Agregación Nacional,ET,1000,3899.46,125789.03225806452
2021-12-01,BTA_LKITET3004,INTERNEXA,Enlaces Agregación Nacional,ET,1000,3899.46,125789.03225806452
2021-12-01,BUC_LKITET1001,INTERNEXA,Enlaces Agregación Nacional,ET,1400,3899.46,176104.64516129033
2021-12-01,BUC_LKITET1002,INTERNEXA,Enlaces Agregación Nacional,ET,1400,3899.46,176104.64516129033
2021-12-01,BUC_LKITET1003,INTERNEXA,Enlaces Agregación Nacional,ET,1500,3899.46,188683.5483870968
2021-12-01,CAR_LKITET1001,INTERNEXA,Enlaces Agregación Nacional,ET,1100,3899.46,138367.93548387097
2021-12-01,CAR_LKITET1002,INTERNEXA,Enlaces Agregación Nacional,ET,1200,3899.46,150946.83870967742
2021-12-01,CAR_LKITET1003,INTERNEXA,Enlaces Agregación Nacional,ET,1200,3899.46,150946.83870967742
2021-12-01,CLI_LKITET1002,INTERNEXA,Enlaces Agregación Nacional,ET,800,3899.46,100631.2258064516
2021-12-01,CLI_LKITET1003,INTERNEXA,Enlaces Agregación Nacional,ET,1500,3899.46,188683.5483870968
2021-12-01,CLI_LKITET1004,INTERNEXA,Enlaces Agregación Nacional,ET,1500,3899.46,188683.5483870968
2021-12-01,CLI_LKITET1005,INTERNEXA,Enlaces Agregación Nacional,ET,10,3899.46,1257.890322580645
2021-12-01,CLI_LKITET1006,INTERNEXA,Enlaces Agregación Nacional,ET,10,3899.46,1257.890322580645
2021-12-01,CLI_LKITET1007,INTERNEXA,Enlaces Agregación Nacional,ET,10,3899.46,1257.890322580645
2021-12-01,CLI_LKITET1008,INTERNEXA,Enlaces Agregación Nacional,ET,10,3899.46,1257.890322580645
2021-12-01,CLI_LKITET1009,INTERNEXA,Enlaces Agregación Nacional,ET,10,3899.46,1257.890322580645
2021-12-01,CUC_LKITET1001,INTERNEXA,Enlaces Agregación Nacional,ET,1700,3899.46,213841.35483870967
2021-12-01,CUC_LKITET1002,INTERNEXA,Enlaces Agregación Nacional,ET,1300,3899.46,163525.74193548388
2021-12-01,CUC_LKITET1003,INTERNEXA,Enlaces Agregación Nacional,ET,1300,3899.46,163525.74193548388
2021-12-01,IBG_LKITET1001,INTERNEXA,Enlaces Agregación Nacional,ET,300,3899.46,37736.709677419356
2021-12-01,IBG_LKITET1002,INTERNEXA,Enlaces Agregación Nacional,ET,400,3899.46,50315.6129032258
2021-12-01,IBG_LKITET1003,INTERNEXA,Enlaces Agregación Nacional,ET,400,3899.46,50315.6129032258
2021-12-01,MED_LKITET1001,INTERNEXA,Enlaces Agregación Nacional,ET,25000,1575.0,1270161.2903225806
2021-12-01,MED_LKITET1002,INTERNEXA,Enlaces Agregación Nacional,ET,5000,2929.72,472535.4838709677
2021-12-01,MED_LKITET3001,INTERNEXA,Enlaces Agregación Nacional,ET,1000,3899.46,125789.03225806452
2021-12-01,SMT_LKITET1001,INTERNEXA,Enlaces Agregación Nacional,ET,500,3899.46,62894.51612903226
2021-12-01,SMT_LKITET1002,INTERNEXA,Enlaces Agregación Nacional,ET,500,3899.46,62894.51612903226
2021-12-01,SMT_LKITET1003,INTERNEXA,Enlaces Agregación Nacional,ET,500,3899.46,62894.51612903226
2021-12-01,VDP_LKITET1001,INTERNEXA,Enlaces Agregación Nacional,ET,500,3899.46,62894.51612903226
2021-12-01,VDP_LKITET1002,INTERNEXA,Enlaces Agregación Nacional,ET,500,3899.46,62894.51612903226
2021-12-01,VDP_LKITET1003,INTERNEXA,Enlaces Agregación Nacional,ET,700,3899.46,88052.32258064517
2021-12-01,VIL_LKITET1001,INTERNEXA,Enlaces Agregación Nacional,ET,100,3899.46,12578.90322580645
2021-12-01,VIL_LKITET1002,INTERNEXA,Enlaces Agregación Nacional,ET,100,3899.46,12578.90322580645
2021-12-01,VIL_LKITET1003,INTERNEXA,Enlaces Agregación Nacional,ET,80,3899.46,10063.12258064516
2021-12-01,BQL_LKGTET2001,GTD,Enlaces Agregación Metropolitana,ET,1350,1445.0,1950750.0
2021-12-01,MED_LKGTET2001,GTD,Enlaces Agregación Metropolitana,ET,6850,1445.0,9898250.0
2021-12-01,PER_LKGTET2001,GTD,Enlaces Agregación Metropolitana,ET,50,1445.0,72250.0
2021-12-01,BTA_LKAXET2001,AXESS,Enlaces Agregación Satelital,ET,210,287.0,7593870.9677419355
2021-12-01,BTA_LKAXET2003,AXESS,Enlaces Agregación Satelital,ET,115,287.0,4158548.3870967743
